"Country.Name","Country.Code","Indicator.Name","Indicator.Code","Year","GINI_Index"
"Argentina","ARG","Gini index","SI.POV.GINI",1960,NA
"Bolivia","BOL","Gini index","SI.POV.GINI",1960,NA
"Brazil","BRA","Gini index","SI.POV.GINI",1960,NA
"Chile","CHL","Gini index","SI.POV.GINI",1960,NA
"Colombia","COL","Gini index","SI.POV.GINI",1960,NA
"Costa Rica","CRI","Gini index","SI.POV.GINI",1960,NA
"Dominican Republic","DOM","Gini index","SI.POV.GINI",1960,NA
"Ecuador","ECU","Gini index","SI.POV.GINI",1960,NA
"Guatemala","GTM","Gini index","SI.POV.GINI",1960,NA
"Honduras","HND","Gini index","SI.POV.GINI",1960,NA
"Mexico","MEX","Gini index","SI.POV.GINI",1960,NA
"Nicaragua","NIC","Gini index","SI.POV.GINI",1960,NA
"Panama","PAN","Gini index","SI.POV.GINI",1960,NA
"Peru","PER","Gini index","SI.POV.GINI",1960,NA
"Paraguay","PRY","Gini index","SI.POV.GINI",1960,NA
"El Salvador","SLV","Gini index","SI.POV.GINI",1960,NA
"Uruguay","URY","Gini index","SI.POV.GINI",1960,NA
"Argentina","ARG","Gini index","SI.POV.GINI",1961,NA
"Bolivia","BOL","Gini index","SI.POV.GINI",1961,NA
"Brazil","BRA","Gini index","SI.POV.GINI",1961,NA
"Chile","CHL","Gini index","SI.POV.GINI",1961,NA
"Colombia","COL","Gini index","SI.POV.GINI",1961,NA
"Costa Rica","CRI","Gini index","SI.POV.GINI",1961,NA
"Dominican Republic","DOM","Gini index","SI.POV.GINI",1961,NA
"Ecuador","ECU","Gini index","SI.POV.GINI",1961,NA
"Guatemala","GTM","Gini index","SI.POV.GINI",1961,NA
"Honduras","HND","Gini index","SI.POV.GINI",1961,NA
"Mexico","MEX","Gini index","SI.POV.GINI",1961,NA
"Nicaragua","NIC","Gini index","SI.POV.GINI",1961,NA
"Panama","PAN","Gini index","SI.POV.GINI",1961,NA
"Peru","PER","Gini index","SI.POV.GINI",1961,NA
"Paraguay","PRY","Gini index","SI.POV.GINI",1961,NA
"El Salvador","SLV","Gini index","SI.POV.GINI",1961,NA
"Uruguay","URY","Gini index","SI.POV.GINI",1961,NA
"Argentina","ARG","Gini index","SI.POV.GINI",1962,NA
"Bolivia","BOL","Gini index","SI.POV.GINI",1962,NA
"Brazil","BRA","Gini index","SI.POV.GINI",1962,NA
"Chile","CHL","Gini index","SI.POV.GINI",1962,NA
"Colombia","COL","Gini index","SI.POV.GINI",1962,NA
"Costa Rica","CRI","Gini index","SI.POV.GINI",1962,NA
"Dominican Republic","DOM","Gini index","SI.POV.GINI",1962,NA
"Ecuador","ECU","Gini index","SI.POV.GINI",1962,NA
"Guatemala","GTM","Gini index","SI.POV.GINI",1962,NA
"Honduras","HND","Gini index","SI.POV.GINI",1962,NA
"Mexico","MEX","Gini index","SI.POV.GINI",1962,NA
"Nicaragua","NIC","Gini index","SI.POV.GINI",1962,NA
"Panama","PAN","Gini index","SI.POV.GINI",1962,NA
"Peru","PER","Gini index","SI.POV.GINI",1962,NA
"Paraguay","PRY","Gini index","SI.POV.GINI",1962,NA
"El Salvador","SLV","Gini index","SI.POV.GINI",1962,NA
"Uruguay","URY","Gini index","SI.POV.GINI",1962,NA
"Argentina","ARG","Gini index","SI.POV.GINI",1963,NA
"Bolivia","BOL","Gini index","SI.POV.GINI",1963,NA
"Brazil","BRA","Gini index","SI.POV.GINI",1963,NA
"Chile","CHL","Gini index","SI.POV.GINI",1963,NA
"Colombia","COL","Gini index","SI.POV.GINI",1963,NA
"Costa Rica","CRI","Gini index","SI.POV.GINI",1963,NA
"Dominican Republic","DOM","Gini index","SI.POV.GINI",1963,NA
"Ecuador","ECU","Gini index","SI.POV.GINI",1963,NA
"Guatemala","GTM","Gini index","SI.POV.GINI",1963,NA
"Honduras","HND","Gini index","SI.POV.GINI",1963,NA
"Mexico","MEX","Gini index","SI.POV.GINI",1963,NA
"Nicaragua","NIC","Gini index","SI.POV.GINI",1963,NA
"Panama","PAN","Gini index","SI.POV.GINI",1963,NA
"Peru","PER","Gini index","SI.POV.GINI",1963,NA
"Paraguay","PRY","Gini index","SI.POV.GINI",1963,NA
"El Salvador","SLV","Gini index","SI.POV.GINI",1963,NA
"Uruguay","URY","Gini index","SI.POV.GINI",1963,NA
"Argentina","ARG","Gini index","SI.POV.GINI",1964,NA
"Bolivia","BOL","Gini index","SI.POV.GINI",1964,NA
"Brazil","BRA","Gini index","SI.POV.GINI",1964,NA
"Chile","CHL","Gini index","SI.POV.GINI",1964,NA
"Colombia","COL","Gini index","SI.POV.GINI",1964,NA
"Costa Rica","CRI","Gini index","SI.POV.GINI",1964,NA
"Dominican Republic","DOM","Gini index","SI.POV.GINI",1964,NA
"Ecuador","ECU","Gini index","SI.POV.GINI",1964,NA
"Guatemala","GTM","Gini index","SI.POV.GINI",1964,NA
"Honduras","HND","Gini index","SI.POV.GINI",1964,NA
"Mexico","MEX","Gini index","SI.POV.GINI",1964,NA
"Nicaragua","NIC","Gini index","SI.POV.GINI",1964,NA
"Panama","PAN","Gini index","SI.POV.GINI",1964,NA
"Peru","PER","Gini index","SI.POV.GINI",1964,NA
"Paraguay","PRY","Gini index","SI.POV.GINI",1964,NA
"El Salvador","SLV","Gini index","SI.POV.GINI",1964,NA
"Uruguay","URY","Gini index","SI.POV.GINI",1964,NA
"Argentina","ARG","Gini index","SI.POV.GINI",1965,NA
"Bolivia","BOL","Gini index","SI.POV.GINI",1965,NA
"Brazil","BRA","Gini index","SI.POV.GINI",1965,NA
"Chile","CHL","Gini index","SI.POV.GINI",1965,NA
"Colombia","COL","Gini index","SI.POV.GINI",1965,NA
"Costa Rica","CRI","Gini index","SI.POV.GINI",1965,NA
"Dominican Republic","DOM","Gini index","SI.POV.GINI",1965,NA
"Ecuador","ECU","Gini index","SI.POV.GINI",1965,NA
"Guatemala","GTM","Gini index","SI.POV.GINI",1965,NA
"Honduras","HND","Gini index","SI.POV.GINI",1965,NA
"Mexico","MEX","Gini index","SI.POV.GINI",1965,NA
"Nicaragua","NIC","Gini index","SI.POV.GINI",1965,NA
"Panama","PAN","Gini index","SI.POV.GINI",1965,NA
"Peru","PER","Gini index","SI.POV.GINI",1965,NA
"Paraguay","PRY","Gini index","SI.POV.GINI",1965,NA
"El Salvador","SLV","Gini index","SI.POV.GINI",1965,NA
"Uruguay","URY","Gini index","SI.POV.GINI",1965,NA
"Argentina","ARG","Gini index","SI.POV.GINI",1966,NA
"Bolivia","BOL","Gini index","SI.POV.GINI",1966,NA
"Brazil","BRA","Gini index","SI.POV.GINI",1966,NA
"Chile","CHL","Gini index","SI.POV.GINI",1966,NA
"Colombia","COL","Gini index","SI.POV.GINI",1966,NA
"Costa Rica","CRI","Gini index","SI.POV.GINI",1966,NA
"Dominican Republic","DOM","Gini index","SI.POV.GINI",1966,NA
"Ecuador","ECU","Gini index","SI.POV.GINI",1966,NA
"Guatemala","GTM","Gini index","SI.POV.GINI",1966,NA
"Honduras","HND","Gini index","SI.POV.GINI",1966,NA
"Mexico","MEX","Gini index","SI.POV.GINI",1966,NA
"Nicaragua","NIC","Gini index","SI.POV.GINI",1966,NA
"Panama","PAN","Gini index","SI.POV.GINI",1966,NA
"Peru","PER","Gini index","SI.POV.GINI",1966,NA
"Paraguay","PRY","Gini index","SI.POV.GINI",1966,NA
"El Salvador","SLV","Gini index","SI.POV.GINI",1966,NA
"Uruguay","URY","Gini index","SI.POV.GINI",1966,NA
"Argentina","ARG","Gini index","SI.POV.GINI",1967,NA
"Bolivia","BOL","Gini index","SI.POV.GINI",1967,NA
"Brazil","BRA","Gini index","SI.POV.GINI",1967,NA
"Chile","CHL","Gini index","SI.POV.GINI",1967,NA
"Colombia","COL","Gini index","SI.POV.GINI",1967,NA
"Costa Rica","CRI","Gini index","SI.POV.GINI",1967,NA
"Dominican Republic","DOM","Gini index","SI.POV.GINI",1967,NA
"Ecuador","ECU","Gini index","SI.POV.GINI",1967,NA
"Guatemala","GTM","Gini index","SI.POV.GINI",1967,NA
"Honduras","HND","Gini index","SI.POV.GINI",1967,NA
"Mexico","MEX","Gini index","SI.POV.GINI",1967,NA
"Nicaragua","NIC","Gini index","SI.POV.GINI",1967,NA
"Panama","PAN","Gini index","SI.POV.GINI",1967,NA
"Peru","PER","Gini index","SI.POV.GINI",1967,NA
"Paraguay","PRY","Gini index","SI.POV.GINI",1967,NA
"El Salvador","SLV","Gini index","SI.POV.GINI",1967,NA
"Uruguay","URY","Gini index","SI.POV.GINI",1967,NA
"Argentina","ARG","Gini index","SI.POV.GINI",1968,NA
"Bolivia","BOL","Gini index","SI.POV.GINI",1968,NA
"Brazil","BRA","Gini index","SI.POV.GINI",1968,NA
"Chile","CHL","Gini index","SI.POV.GINI",1968,NA
"Colombia","COL","Gini index","SI.POV.GINI",1968,NA
"Costa Rica","CRI","Gini index","SI.POV.GINI",1968,NA
"Dominican Republic","DOM","Gini index","SI.POV.GINI",1968,NA
"Ecuador","ECU","Gini index","SI.POV.GINI",1968,NA
"Guatemala","GTM","Gini index","SI.POV.GINI",1968,NA
"Honduras","HND","Gini index","SI.POV.GINI",1968,NA
"Mexico","MEX","Gini index","SI.POV.GINI",1968,NA
"Nicaragua","NIC","Gini index","SI.POV.GINI",1968,NA
"Panama","PAN","Gini index","SI.POV.GINI",1968,NA
"Peru","PER","Gini index","SI.POV.GINI",1968,NA
"Paraguay","PRY","Gini index","SI.POV.GINI",1968,NA
"El Salvador","SLV","Gini index","SI.POV.GINI",1968,NA
"Uruguay","URY","Gini index","SI.POV.GINI",1968,NA
"Argentina","ARG","Gini index","SI.POV.GINI",1969,NA
"Bolivia","BOL","Gini index","SI.POV.GINI",1969,NA
"Brazil","BRA","Gini index","SI.POV.GINI",1969,NA
"Chile","CHL","Gini index","SI.POV.GINI",1969,NA
"Colombia","COL","Gini index","SI.POV.GINI",1969,NA
"Costa Rica","CRI","Gini index","SI.POV.GINI",1969,NA
"Dominican Republic","DOM","Gini index","SI.POV.GINI",1969,NA
"Ecuador","ECU","Gini index","SI.POV.GINI",1969,NA
"Guatemala","GTM","Gini index","SI.POV.GINI",1969,NA
"Honduras","HND","Gini index","SI.POV.GINI",1969,NA
"Mexico","MEX","Gini index","SI.POV.GINI",1969,NA
"Nicaragua","NIC","Gini index","SI.POV.GINI",1969,NA
"Panama","PAN","Gini index","SI.POV.GINI",1969,NA
"Peru","PER","Gini index","SI.POV.GINI",1969,NA
"Paraguay","PRY","Gini index","SI.POV.GINI",1969,NA
"El Salvador","SLV","Gini index","SI.POV.GINI",1969,NA
"Uruguay","URY","Gini index","SI.POV.GINI",1969,NA
"Argentina","ARG","Gini index","SI.POV.GINI",1970,NA
"Bolivia","BOL","Gini index","SI.POV.GINI",1970,NA
"Brazil","BRA","Gini index","SI.POV.GINI",1970,NA
"Chile","CHL","Gini index","SI.POV.GINI",1970,NA
"Colombia","COL","Gini index","SI.POV.GINI",1970,NA
"Costa Rica","CRI","Gini index","SI.POV.GINI",1970,NA
"Dominican Republic","DOM","Gini index","SI.POV.GINI",1970,NA
"Ecuador","ECU","Gini index","SI.POV.GINI",1970,NA
"Guatemala","GTM","Gini index","SI.POV.GINI",1970,NA
"Honduras","HND","Gini index","SI.POV.GINI",1970,NA
"Mexico","MEX","Gini index","SI.POV.GINI",1970,NA
"Nicaragua","NIC","Gini index","SI.POV.GINI",1970,NA
"Panama","PAN","Gini index","SI.POV.GINI",1970,NA
"Peru","PER","Gini index","SI.POV.GINI",1970,NA
"Paraguay","PRY","Gini index","SI.POV.GINI",1970,NA
"El Salvador","SLV","Gini index","SI.POV.GINI",1970,NA
"Uruguay","URY","Gini index","SI.POV.GINI",1970,NA
"Argentina","ARG","Gini index","SI.POV.GINI",1971,NA
"Bolivia","BOL","Gini index","SI.POV.GINI",1971,NA
"Brazil","BRA","Gini index","SI.POV.GINI",1971,NA
"Chile","CHL","Gini index","SI.POV.GINI",1971,NA
"Colombia","COL","Gini index","SI.POV.GINI",1971,NA
"Costa Rica","CRI","Gini index","SI.POV.GINI",1971,NA
"Dominican Republic","DOM","Gini index","SI.POV.GINI",1971,NA
"Ecuador","ECU","Gini index","SI.POV.GINI",1971,NA
"Guatemala","GTM","Gini index","SI.POV.GINI",1971,NA
"Honduras","HND","Gini index","SI.POV.GINI",1971,NA
"Mexico","MEX","Gini index","SI.POV.GINI",1971,NA
"Nicaragua","NIC","Gini index","SI.POV.GINI",1971,NA
"Panama","PAN","Gini index","SI.POV.GINI",1971,NA
"Peru","PER","Gini index","SI.POV.GINI",1971,NA
"Paraguay","PRY","Gini index","SI.POV.GINI",1971,NA
"El Salvador","SLV","Gini index","SI.POV.GINI",1971,NA
"Uruguay","URY","Gini index","SI.POV.GINI",1971,NA
"Argentina","ARG","Gini index","SI.POV.GINI",1972,NA
"Bolivia","BOL","Gini index","SI.POV.GINI",1972,NA
"Brazil","BRA","Gini index","SI.POV.GINI",1972,NA
"Chile","CHL","Gini index","SI.POV.GINI",1972,NA
"Colombia","COL","Gini index","SI.POV.GINI",1972,NA
"Costa Rica","CRI","Gini index","SI.POV.GINI",1972,NA
"Dominican Republic","DOM","Gini index","SI.POV.GINI",1972,NA
"Ecuador","ECU","Gini index","SI.POV.GINI",1972,NA
"Guatemala","GTM","Gini index","SI.POV.GINI",1972,NA
"Honduras","HND","Gini index","SI.POV.GINI",1972,NA
"Mexico","MEX","Gini index","SI.POV.GINI",1972,NA
"Nicaragua","NIC","Gini index","SI.POV.GINI",1972,NA
"Panama","PAN","Gini index","SI.POV.GINI",1972,NA
"Peru","PER","Gini index","SI.POV.GINI",1972,NA
"Paraguay","PRY","Gini index","SI.POV.GINI",1972,NA
"El Salvador","SLV","Gini index","SI.POV.GINI",1972,NA
"Uruguay","URY","Gini index","SI.POV.GINI",1972,NA
"Argentina","ARG","Gini index","SI.POV.GINI",1973,NA
"Bolivia","BOL","Gini index","SI.POV.GINI",1973,NA
"Brazil","BRA","Gini index","SI.POV.GINI",1973,NA
"Chile","CHL","Gini index","SI.POV.GINI",1973,NA
"Colombia","COL","Gini index","SI.POV.GINI",1973,NA
"Costa Rica","CRI","Gini index","SI.POV.GINI",1973,NA
"Dominican Republic","DOM","Gini index","SI.POV.GINI",1973,NA
"Ecuador","ECU","Gini index","SI.POV.GINI",1973,NA
"Guatemala","GTM","Gini index","SI.POV.GINI",1973,NA
"Honduras","HND","Gini index","SI.POV.GINI",1973,NA
"Mexico","MEX","Gini index","SI.POV.GINI",1973,NA
"Nicaragua","NIC","Gini index","SI.POV.GINI",1973,NA
"Panama","PAN","Gini index","SI.POV.GINI",1973,NA
"Peru","PER","Gini index","SI.POV.GINI",1973,NA
"Paraguay","PRY","Gini index","SI.POV.GINI",1973,NA
"El Salvador","SLV","Gini index","SI.POV.GINI",1973,NA
"Uruguay","URY","Gini index","SI.POV.GINI",1973,NA
"Argentina","ARG","Gini index","SI.POV.GINI",1974,NA
"Bolivia","BOL","Gini index","SI.POV.GINI",1974,NA
"Brazil","BRA","Gini index","SI.POV.GINI",1974,NA
"Chile","CHL","Gini index","SI.POV.GINI",1974,NA
"Colombia","COL","Gini index","SI.POV.GINI",1974,NA
"Costa Rica","CRI","Gini index","SI.POV.GINI",1974,NA
"Dominican Republic","DOM","Gini index","SI.POV.GINI",1974,NA
"Ecuador","ECU","Gini index","SI.POV.GINI",1974,NA
"Guatemala","GTM","Gini index","SI.POV.GINI",1974,NA
"Honduras","HND","Gini index","SI.POV.GINI",1974,NA
"Mexico","MEX","Gini index","SI.POV.GINI",1974,NA
"Nicaragua","NIC","Gini index","SI.POV.GINI",1974,NA
"Panama","PAN","Gini index","SI.POV.GINI",1974,NA
"Peru","PER","Gini index","SI.POV.GINI",1974,NA
"Paraguay","PRY","Gini index","SI.POV.GINI",1974,NA
"El Salvador","SLV","Gini index","SI.POV.GINI",1974,NA
"Uruguay","URY","Gini index","SI.POV.GINI",1974,NA
"Argentina","ARG","Gini index","SI.POV.GINI",1975,NA
"Bolivia","BOL","Gini index","SI.POV.GINI",1975,NA
"Brazil","BRA","Gini index","SI.POV.GINI",1975,NA
"Chile","CHL","Gini index","SI.POV.GINI",1975,NA
"Colombia","COL","Gini index","SI.POV.GINI",1975,NA
"Costa Rica","CRI","Gini index","SI.POV.GINI",1975,NA
"Dominican Republic","DOM","Gini index","SI.POV.GINI",1975,NA
"Ecuador","ECU","Gini index","SI.POV.GINI",1975,NA
"Guatemala","GTM","Gini index","SI.POV.GINI",1975,NA
"Honduras","HND","Gini index","SI.POV.GINI",1975,NA
"Mexico","MEX","Gini index","SI.POV.GINI",1975,NA
"Nicaragua","NIC","Gini index","SI.POV.GINI",1975,NA
"Panama","PAN","Gini index","SI.POV.GINI",1975,NA
"Peru","PER","Gini index","SI.POV.GINI",1975,NA
"Paraguay","PRY","Gini index","SI.POV.GINI",1975,NA
"El Salvador","SLV","Gini index","SI.POV.GINI",1975,NA
"Uruguay","URY","Gini index","SI.POV.GINI",1975,NA
"Argentina","ARG","Gini index","SI.POV.GINI",1976,NA
"Bolivia","BOL","Gini index","SI.POV.GINI",1976,NA
"Brazil","BRA","Gini index","SI.POV.GINI",1976,NA
"Chile","CHL","Gini index","SI.POV.GINI",1976,NA
"Colombia","COL","Gini index","SI.POV.GINI",1976,NA
"Costa Rica","CRI","Gini index","SI.POV.GINI",1976,NA
"Dominican Republic","DOM","Gini index","SI.POV.GINI",1976,NA
"Ecuador","ECU","Gini index","SI.POV.GINI",1976,NA
"Guatemala","GTM","Gini index","SI.POV.GINI",1976,NA
"Honduras","HND","Gini index","SI.POV.GINI",1976,NA
"Mexico","MEX","Gini index","SI.POV.GINI",1976,NA
"Nicaragua","NIC","Gini index","SI.POV.GINI",1976,NA
"Panama","PAN","Gini index","SI.POV.GINI",1976,NA
"Peru","PER","Gini index","SI.POV.GINI",1976,NA
"Paraguay","PRY","Gini index","SI.POV.GINI",1976,NA
"El Salvador","SLV","Gini index","SI.POV.GINI",1976,NA
"Uruguay","URY","Gini index","SI.POV.GINI",1976,NA
"Argentina","ARG","Gini index","SI.POV.GINI",1977,NA
"Bolivia","BOL","Gini index","SI.POV.GINI",1977,NA
"Brazil","BRA","Gini index","SI.POV.GINI",1977,NA
"Chile","CHL","Gini index","SI.POV.GINI",1977,NA
"Colombia","COL","Gini index","SI.POV.GINI",1977,NA
"Costa Rica","CRI","Gini index","SI.POV.GINI",1977,NA
"Dominican Republic","DOM","Gini index","SI.POV.GINI",1977,NA
"Ecuador","ECU","Gini index","SI.POV.GINI",1977,NA
"Guatemala","GTM","Gini index","SI.POV.GINI",1977,NA
"Honduras","HND","Gini index","SI.POV.GINI",1977,NA
"Mexico","MEX","Gini index","SI.POV.GINI",1977,NA
"Nicaragua","NIC","Gini index","SI.POV.GINI",1977,NA
"Panama","PAN","Gini index","SI.POV.GINI",1977,NA
"Peru","PER","Gini index","SI.POV.GINI",1977,NA
"Paraguay","PRY","Gini index","SI.POV.GINI",1977,NA
"El Salvador","SLV","Gini index","SI.POV.GINI",1977,NA
"Uruguay","URY","Gini index","SI.POV.GINI",1977,NA
"Argentina","ARG","Gini index","SI.POV.GINI",1978,NA
"Bolivia","BOL","Gini index","SI.POV.GINI",1978,NA
"Brazil","BRA","Gini index","SI.POV.GINI",1978,NA
"Chile","CHL","Gini index","SI.POV.GINI",1978,NA
"Colombia","COL","Gini index","SI.POV.GINI",1978,NA
"Costa Rica","CRI","Gini index","SI.POV.GINI",1978,NA
"Dominican Republic","DOM","Gini index","SI.POV.GINI",1978,NA
"Ecuador","ECU","Gini index","SI.POV.GINI",1978,NA
"Guatemala","GTM","Gini index","SI.POV.GINI",1978,NA
"Honduras","HND","Gini index","SI.POV.GINI",1978,NA
"Mexico","MEX","Gini index","SI.POV.GINI",1978,NA
"Nicaragua","NIC","Gini index","SI.POV.GINI",1978,NA
"Panama","PAN","Gini index","SI.POV.GINI",1978,NA
"Peru","PER","Gini index","SI.POV.GINI",1978,NA
"Paraguay","PRY","Gini index","SI.POV.GINI",1978,NA
"El Salvador","SLV","Gini index","SI.POV.GINI",1978,NA
"Uruguay","URY","Gini index","SI.POV.GINI",1978,NA
"Argentina","ARG","Gini index","SI.POV.GINI",1979,NA
"Bolivia","BOL","Gini index","SI.POV.GINI",1979,NA
"Brazil","BRA","Gini index","SI.POV.GINI",1979,NA
"Chile","CHL","Gini index","SI.POV.GINI",1979,NA
"Colombia","COL","Gini index","SI.POV.GINI",1979,NA
"Costa Rica","CRI","Gini index","SI.POV.GINI",1979,NA
"Dominican Republic","DOM","Gini index","SI.POV.GINI",1979,NA
"Ecuador","ECU","Gini index","SI.POV.GINI",1979,NA
"Guatemala","GTM","Gini index","SI.POV.GINI",1979,NA
"Honduras","HND","Gini index","SI.POV.GINI",1979,NA
"Mexico","MEX","Gini index","SI.POV.GINI",1979,NA
"Nicaragua","NIC","Gini index","SI.POV.GINI",1979,NA
"Panama","PAN","Gini index","SI.POV.GINI",1979,48.7
"Peru","PER","Gini index","SI.POV.GINI",1979,NA
"Paraguay","PRY","Gini index","SI.POV.GINI",1979,NA
"El Salvador","SLV","Gini index","SI.POV.GINI",1979,NA
"Uruguay","URY","Gini index","SI.POV.GINI",1979,NA
"Argentina","ARG","Gini index","SI.POV.GINI",1980,40.8
"Bolivia","BOL","Gini index","SI.POV.GINI",1980,NA
"Brazil","BRA","Gini index","SI.POV.GINI",1980,NA
"Chile","CHL","Gini index","SI.POV.GINI",1980,NA
"Colombia","COL","Gini index","SI.POV.GINI",1980,55.1
"Costa Rica","CRI","Gini index","SI.POV.GINI",1980,NA
"Dominican Republic","DOM","Gini index","SI.POV.GINI",1980,NA
"Ecuador","ECU","Gini index","SI.POV.GINI",1980,NA
"Guatemala","GTM","Gini index","SI.POV.GINI",1980,NA
"Honduras","HND","Gini index","SI.POV.GINI",1980,NA
"Mexico","MEX","Gini index","SI.POV.GINI",1980,NA
"Nicaragua","NIC","Gini index","SI.POV.GINI",1980,NA
"Panama","PAN","Gini index","SI.POV.GINI",1980,49.69
"Peru","PER","Gini index","SI.POV.GINI",1980,NA
"Paraguay","PRY","Gini index","SI.POV.GINI",1980,NA
"El Salvador","SLV","Gini index","SI.POV.GINI",1980,NA
"Uruguay","URY","Gini index","SI.POV.GINI",1980,NA
"Argentina","ARG","Gini index","SI.POV.GINI",1981,41.1333333333333
"Bolivia","BOL","Gini index","SI.POV.GINI",1981,NA
"Brazil","BRA","Gini index","SI.POV.GINI",1981,57.9
"Chile","CHL","Gini index","SI.POV.GINI",1981,NA
"Colombia","COL","Gini index","SI.POV.GINI",1981,54.85
"Costa Rica","CRI","Gini index","SI.POV.GINI",1981,47.5
"Dominican Republic","DOM","Gini index","SI.POV.GINI",1981,NA
"Ecuador","ECU","Gini index","SI.POV.GINI",1981,NA
"Guatemala","GTM","Gini index","SI.POV.GINI",1981,NA
"Honduras","HND","Gini index","SI.POV.GINI",1981,NA
"Mexico","MEX","Gini index","SI.POV.GINI",1981,NA
"Nicaragua","NIC","Gini index","SI.POV.GINI",1981,NA
"Panama","PAN","Gini index","SI.POV.GINI",1981,50.68
"Peru","PER","Gini index","SI.POV.GINI",1981,NA
"Paraguay","PRY","Gini index","SI.POV.GINI",1981,NA
"El Salvador","SLV","Gini index","SI.POV.GINI",1981,NA
"Uruguay","URY","Gini index","SI.POV.GINI",1981,43.6
"Argentina","ARG","Gini index","SI.POV.GINI",1982,41.4666666666667
"Bolivia","BOL","Gini index","SI.POV.GINI",1982,NA
"Brazil","BRA","Gini index","SI.POV.GINI",1982,58.4
"Chile","CHL","Gini index","SI.POV.GINI",1982,NA
"Colombia","COL","Gini index","SI.POV.GINI",1982,54.6
"Costa Rica","CRI","Gini index","SI.POV.GINI",1982,44.88
"Dominican Republic","DOM","Gini index","SI.POV.GINI",1982,NA
"Ecuador","ECU","Gini index","SI.POV.GINI",1982,NA
"Guatemala","GTM","Gini index","SI.POV.GINI",1982,NA
"Honduras","HND","Gini index","SI.POV.GINI",1982,NA
"Mexico","MEX","Gini index","SI.POV.GINI",1982,NA
"Nicaragua","NIC","Gini index","SI.POV.GINI",1982,NA
"Panama","PAN","Gini index","SI.POV.GINI",1982,51.67
"Peru","PER","Gini index","SI.POV.GINI",1982,NA
"Paraguay","PRY","Gini index","SI.POV.GINI",1982,NA
"El Salvador","SLV","Gini index","SI.POV.GINI",1982,NA
"Uruguay","URY","Gini index","SI.POV.GINI",1982,43.45
"Argentina","ARG","Gini index","SI.POV.GINI",1983,41.8
"Bolivia","BOL","Gini index","SI.POV.GINI",1983,NA
"Brazil","BRA","Gini index","SI.POV.GINI",1983,58.9
"Chile","CHL","Gini index","SI.POV.GINI",1983,NA
"Colombia","COL","Gini index","SI.POV.GINI",1983,54.35
"Costa Rica","CRI","Gini index","SI.POV.GINI",1983,42.26
"Dominican Republic","DOM","Gini index","SI.POV.GINI",1983,NA
"Ecuador","ECU","Gini index","SI.POV.GINI",1983,NA
"Guatemala","GTM","Gini index","SI.POV.GINI",1983,NA
"Honduras","HND","Gini index","SI.POV.GINI",1983,NA
"Mexico","MEX","Gini index","SI.POV.GINI",1983,NA
"Nicaragua","NIC","Gini index","SI.POV.GINI",1983,NA
"Panama","PAN","Gini index","SI.POV.GINI",1983,52.66
"Peru","PER","Gini index","SI.POV.GINI",1983,NA
"Paraguay","PRY","Gini index","SI.POV.GINI",1983,NA
"El Salvador","SLV","Gini index","SI.POV.GINI",1983,NA
"Uruguay","URY","Gini index","SI.POV.GINI",1983,43.3
"Argentina","ARG","Gini index","SI.POV.GINI",1984,42.1333333333333
"Bolivia","BOL","Gini index","SI.POV.GINI",1984,NA
"Brazil","BRA","Gini index","SI.POV.GINI",1984,58.3
"Chile","CHL","Gini index","SI.POV.GINI",1984,NA
"Colombia","COL","Gini index","SI.POV.GINI",1984,54.1
"Costa Rica","CRI","Gini index","SI.POV.GINI",1984,39.64
"Dominican Republic","DOM","Gini index","SI.POV.GINI",1984,NA
"Ecuador","ECU","Gini index","SI.POV.GINI",1984,NA
"Guatemala","GTM","Gini index","SI.POV.GINI",1984,NA
"Honduras","HND","Gini index","SI.POV.GINI",1984,NA
"Mexico","MEX","Gini index","SI.POV.GINI",1984,NA
"Nicaragua","NIC","Gini index","SI.POV.GINI",1984,NA
"Panama","PAN","Gini index","SI.POV.GINI",1984,53.65
"Peru","PER","Gini index","SI.POV.GINI",1984,NA
"Paraguay","PRY","Gini index","SI.POV.GINI",1984,NA
"El Salvador","SLV","Gini index","SI.POV.GINI",1984,NA
"Uruguay","URY","Gini index","SI.POV.GINI",1984,43.15
"Argentina","ARG","Gini index","SI.POV.GINI",1985,42.4666666666667
"Bolivia","BOL","Gini index","SI.POV.GINI",1985,NA
"Brazil","BRA","Gini index","SI.POV.GINI",1985,55.5
"Chile","CHL","Gini index","SI.POV.GINI",1985,NA
"Colombia","COL","Gini index","SI.POV.GINI",1985,53.85
"Costa Rica","CRI","Gini index","SI.POV.GINI",1985,37.02
"Dominican Republic","DOM","Gini index","SI.POV.GINI",1985,NA
"Ecuador","ECU","Gini index","SI.POV.GINI",1985,NA
"Guatemala","GTM","Gini index","SI.POV.GINI",1985,NA
"Honduras","HND","Gini index","SI.POV.GINI",1985,NA
"Mexico","MEX","Gini index","SI.POV.GINI",1985,NA
"Nicaragua","NIC","Gini index","SI.POV.GINI",1985,NA
"Panama","PAN","Gini index","SI.POV.GINI",1985,54.64
"Peru","PER","Gini index","SI.POV.GINI",1985,NA
"Paraguay","PRY","Gini index","SI.POV.GINI",1985,NA
"El Salvador","SLV","Gini index","SI.POV.GINI",1985,NA
"Uruguay","URY","Gini index","SI.POV.GINI",1985,43
"Argentina","ARG","Gini index","SI.POV.GINI",1986,42.8
"Bolivia","BOL","Gini index","SI.POV.GINI",1986,NA
"Brazil","BRA","Gini index","SI.POV.GINI",1986,58.4
"Chile","CHL","Gini index","SI.POV.GINI",1986,NA
"Colombia","COL","Gini index","SI.POV.GINI",1986,53.6
"Costa Rica","CRI","Gini index","SI.POV.GINI",1986,34.4
"Dominican Republic","DOM","Gini index","SI.POV.GINI",1986,47.8
"Ecuador","ECU","Gini index","SI.POV.GINI",1986,NA
"Guatemala","GTM","Gini index","SI.POV.GINI",1986,54.1
"Honduras","HND","Gini index","SI.POV.GINI",1986,NA
"Mexico","MEX","Gini index","SI.POV.GINI",1986,NA
"Nicaragua","NIC","Gini index","SI.POV.GINI",1986,NA
"Panama","PAN","Gini index","SI.POV.GINI",1986,55.63
"Peru","PER","Gini index","SI.POV.GINI",1986,NA
"Paraguay","PRY","Gini index","SI.POV.GINI",1986,NA
"El Salvador","SLV","Gini index","SI.POV.GINI",1986,NA
"Uruguay","URY","Gini index","SI.POV.GINI",1986,42.85
"Argentina","ARG","Gini index","SI.POV.GINI",1987,45.3
"Bolivia","BOL","Gini index","SI.POV.GINI",1987,NA
"Brazil","BRA","Gini index","SI.POV.GINI",1987,59.6
"Chile","CHL","Gini index","SI.POV.GINI",1987,56.2
"Colombia","COL","Gini index","SI.POV.GINI",1987,53.35
"Costa Rica","CRI","Gini index","SI.POV.GINI",1987,38.1
"Dominican Republic","DOM","Gini index","SI.POV.GINI",1987,48.6666666666667
"Ecuador","ECU","Gini index","SI.POV.GINI",1987,50.5
"Guatemala","GTM","Gini index","SI.POV.GINI",1987,55.6666666666667
"Honduras","HND","Gini index","SI.POV.GINI",1987,NA
"Mexico","MEX","Gini index","SI.POV.GINI",1987,NA
"Nicaragua","NIC","Gini index","SI.POV.GINI",1987,NA
"Panama","PAN","Gini index","SI.POV.GINI",1987,56.62
"Peru","PER","Gini index","SI.POV.GINI",1987,NA
"Paraguay","PRY","Gini index","SI.POV.GINI",1987,NA
"El Salvador","SLV","Gini index","SI.POV.GINI",1987,NA
"Uruguay","URY","Gini index","SI.POV.GINI",1987,42.7
"Argentina","ARG","Gini index","SI.POV.GINI",1988,45.675
"Bolivia","BOL","Gini index","SI.POV.GINI",1988,NA
"Brazil","BRA","Gini index","SI.POV.GINI",1988,61.4
"Chile","CHL","Gini index","SI.POV.GINI",1988,56.5333333333333
"Colombia","COL","Gini index","SI.POV.GINI",1988,53.1
"Costa Rica","CRI","Gini index","SI.POV.GINI",1988,41.8
"Dominican Republic","DOM","Gini index","SI.POV.GINI",1988,49.5333333333333
"Ecuador","ECU","Gini index","SI.POV.GINI",1988,50.9
"Guatemala","GTM","Gini index","SI.POV.GINI",1988,57.2333333333333
"Honduras","HND","Gini index","SI.POV.GINI",1988,NA
"Mexico","MEX","Gini index","SI.POV.GINI",1988,NA
"Nicaragua","NIC","Gini index","SI.POV.GINI",1988,NA
"Panama","PAN","Gini index","SI.POV.GINI",1988,57.61
"Peru","PER","Gini index","SI.POV.GINI",1988,NA
"Paraguay","PRY","Gini index","SI.POV.GINI",1988,NA
"El Salvador","SLV","Gini index","SI.POV.GINI",1988,NA
"Uruguay","URY","Gini index","SI.POV.GINI",1988,42.55
"Argentina","ARG","Gini index","SI.POV.GINI",1989,46.05
"Bolivia","BOL","Gini index","SI.POV.GINI",1989,NA
"Brazil","BRA","Gini index","SI.POV.GINI",1989,63.2
"Chile","CHL","Gini index","SI.POV.GINI",1989,56.8666666666667
"Colombia","COL","Gini index","SI.POV.GINI",1989,52.8
"Costa Rica","CRI","Gini index","SI.POV.GINI",1989,45.5
"Dominican Republic","DOM","Gini index","SI.POV.GINI",1989,50.4
"Ecuador","ECU","Gini index","SI.POV.GINI",1989,51.3
"Guatemala","GTM","Gini index","SI.POV.GINI",1989,58.8
"Honduras","HND","Gini index","SI.POV.GINI",1989,55.4
"Mexico","MEX","Gini index","SI.POV.GINI",1989,50.1
"Nicaragua","NIC","Gini index","SI.POV.GINI",1989,NA
"Panama","PAN","Gini index","SI.POV.GINI",1989,58.6
"Peru","PER","Gini index","SI.POV.GINI",1989,NA
"Paraguay","PRY","Gini index","SI.POV.GINI",1989,NA
"El Salvador","SLV","Gini index","SI.POV.GINI",1989,48.7
"Uruguay","URY","Gini index","SI.POV.GINI",1989,42.4
"Argentina","ARG","Gini index","SI.POV.GINI",1990,46.425
"Bolivia","BOL","Gini index","SI.POV.GINI",1990,42
"Brazil","BRA","Gini index","SI.POV.GINI",1990,60.4
"Chile","CHL","Gini index","SI.POV.GINI",1990,57.2
"Colombia","COL","Gini index","SI.POV.GINI",1990,52.05
"Costa Rica","CRI","Gini index","SI.POV.GINI",1990,45.2
"Dominican Republic","DOM","Gini index","SI.POV.GINI",1990,50.6333333333333
"Ecuador","ECU","Gini index","SI.POV.GINI",1990,51.7
"Guatemala","GTM","Gini index","SI.POV.GINI",1990,57.7555555555556
"Honduras","HND","Gini index","SI.POV.GINI",1990,55.9
"Mexico","MEX","Gini index","SI.POV.GINI",1990,50.8333333333333
"Nicaragua","NIC","Gini index","SI.POV.GINI",1990,NA
"Panama","PAN","Gini index","SI.POV.GINI",1990,58.3
"Peru","PER","Gini index","SI.POV.GINI",1990,NA
"Paraguay","PRY","Gini index","SI.POV.GINI",1990,40.8
"El Salvador","SLV","Gini index","SI.POV.GINI",1990,51.25
"Uruguay","URY","Gini index","SI.POV.GINI",1990,42.1
"Argentina","ARG","Gini index","SI.POV.GINI",1991,46.8
"Bolivia","BOL","Gini index","SI.POV.GINI",1991,45.55
"Brazil","BRA","Gini index","SI.POV.GINI",1991,56.75
"Chile","CHL","Gini index","SI.POV.GINI",1991,56
"Colombia","COL","Gini index","SI.POV.GINI",1991,51.3
"Costa Rica","CRI","Gini index","SI.POV.GINI",1991,46.6
"Dominican Republic","DOM","Gini index","SI.POV.GINI",1991,50.8666666666667
"Ecuador","ECU","Gini index","SI.POV.GINI",1991,52.1
"Guatemala","GTM","Gini index","SI.POV.GINI",1991,56.7111111111111
"Honduras","HND","Gini index","SI.POV.GINI",1991,51.8
"Mexico","MEX","Gini index","SI.POV.GINI",1991,51.5666666666667
"Nicaragua","NIC","Gini index","SI.POV.GINI",1991,NA
"Panama","PAN","Gini index","SI.POV.GINI",1991,58
"Peru","PER","Gini index","SI.POV.GINI",1991,NA
"Paraguay","PRY","Gini index","SI.POV.GINI",1991,44.26
"El Salvador","SLV","Gini index","SI.POV.GINI",1991,53.8
"Uruguay","URY","Gini index","SI.POV.GINI",1991,41.8
"Argentina","ARG","Gini index","SI.POV.GINI",1992,45.5
"Bolivia","BOL","Gini index","SI.POV.GINI",1992,49.1
"Brazil","BRA","Gini index","SI.POV.GINI",1992,53.1
"Chile","CHL","Gini index","SI.POV.GINI",1992,54.8
"Colombia","COL","Gini index","SI.POV.GINI",1992,51.4
"Costa Rica","CRI","Gini index","SI.POV.GINI",1992,45.6
"Dominican Republic","DOM","Gini index","SI.POV.GINI",1992,51.1
"Ecuador","ECU","Gini index","SI.POV.GINI",1992,52.5
"Guatemala","GTM","Gini index","SI.POV.GINI",1992,55.6666666666667
"Honduras","HND","Gini index","SI.POV.GINI",1992,51.8
"Mexico","MEX","Gini index","SI.POV.GINI",1992,52.3
"Nicaragua","NIC","Gini index","SI.POV.GINI",1992,NA
"Panama","PAN","Gini index","SI.POV.GINI",1992,57.925
"Peru","PER","Gini index","SI.POV.GINI",1992,NA
"Paraguay","PRY","Gini index","SI.POV.GINI",1992,47.72
"El Salvador","SLV","Gini index","SI.POV.GINI",1992,52.8
"Uruguay","URY","Gini index","SI.POV.GINI",1992,41.5
"Argentina","ARG","Gini index","SI.POV.GINI",1993,44.8
"Bolivia","BOL","Gini index","SI.POV.GINI",1993,50.9
"Brazil","BRA","Gini index","SI.POV.GINI",1993,60.1
"Chile","CHL","Gini index","SI.POV.GINI",1993,55.6
"Colombia","COL","Gini index","SI.POV.GINI",1993,52.75
"Costa Rica","CRI","Gini index","SI.POV.GINI",1993,45.9
"Dominican Republic","DOM","Gini index","SI.POV.GINI",1993,50.175
"Ecuador","ECU","Gini index","SI.POV.GINI",1993,52.9
"Guatemala","GTM","Gini index","SI.POV.GINI",1993,54.6222222222222
"Honduras","HND","Gini index","SI.POV.GINI",1993,53.4
"Mexico","MEX","Gini index","SI.POV.GINI",1993,52.85
"Nicaragua","NIC","Gini index","SI.POV.GINI",1993,57.1
"Panama","PAN","Gini index","SI.POV.GINI",1993,57.85
"Peru","PER","Gini index","SI.POV.GINI",1993,NA
"Paraguay","PRY","Gini index","SI.POV.GINI",1993,51.18
"El Salvador","SLV","Gini index","SI.POV.GINI",1993,51.8
"Uruguay","URY","Gini index","SI.POV.GINI",1993,41.3
"Argentina","ARG","Gini index","SI.POV.GINI",1994,45.9
"Bolivia","BOL","Gini index","SI.POV.GINI",1994,52.7
"Brazil","BRA","Gini index","SI.POV.GINI",1994,59.8
"Chile","CHL","Gini index","SI.POV.GINI",1994,56.4
"Colombia","COL","Gini index","SI.POV.GINI",1994,54.1
"Costa Rica","CRI","Gini index","SI.POV.GINI",1994,46.7
"Dominican Republic","DOM","Gini index","SI.POV.GINI",1994,49.25
"Ecuador","ECU","Gini index","SI.POV.GINI",1994,53.3
"Guatemala","GTM","Gini index","SI.POV.GINI",1994,53.5777777777778
"Honduras","HND","Gini index","SI.POV.GINI",1994,55
"Mexico","MEX","Gini index","SI.POV.GINI",1994,53.4
"Nicaragua","NIC","Gini index","SI.POV.GINI",1994,56.56
"Panama","PAN","Gini index","SI.POV.GINI",1994,57.775
"Peru","PER","Gini index","SI.POV.GINI",1994,NA
"Paraguay","PRY","Gini index","SI.POV.GINI",1994,54.64
"El Salvador","SLV","Gini index","SI.POV.GINI",1994,50.8
"Uruguay","URY","Gini index","SI.POV.GINI",1994,41.1
"Argentina","ARG","Gini index","SI.POV.GINI",1995,48.9
"Bolivia","BOL","Gini index","SI.POV.GINI",1995,54.5
"Brazil","BRA","Gini index","SI.POV.GINI",1995,59.5
"Chile","CHL","Gini index","SI.POV.GINI",1995,55.65
"Colombia","COL","Gini index","SI.POV.GINI",1995,55.45
"Costa Rica","CRI","Gini index","SI.POV.GINI",1995,45.7
"Dominican Republic","DOM","Gini index","SI.POV.GINI",1995,48.325
"Ecuador","ECU","Gini index","SI.POV.GINI",1995,50.8
"Guatemala","GTM","Gini index","SI.POV.GINI",1995,52.5333333333333
"Honduras","HND","Gini index","SI.POV.GINI",1995,55.5
"Mexico","MEX","Gini index","SI.POV.GINI",1995,52.7
"Nicaragua","NIC","Gini index","SI.POV.GINI",1995,56.02
"Panama","PAN","Gini index","SI.POV.GINI",1995,57.7
"Peru","PER","Gini index","SI.POV.GINI",1995,NA
"Paraguay","PRY","Gini index","SI.POV.GINI",1995,58.1
"El Salvador","SLV","Gini index","SI.POV.GINI",1995,49.8
"Uruguay","URY","Gini index","SI.POV.GINI",1995,40.9
"Argentina","ARG","Gini index","SI.POV.GINI",1996,49.5
"Bolivia","BOL","Gini index","SI.POV.GINI",1996,56.3
"Brazil","BRA","Gini index","SI.POV.GINI",1996,59.8
"Chile","CHL","Gini index","SI.POV.GINI",1996,54.9
"Colombia","COL","Gini index","SI.POV.GINI",1996,56.8
"Costa Rica","CRI","Gini index","SI.POV.GINI",1996,46.5
"Dominican Republic","DOM","Gini index","SI.POV.GINI",1996,47.4
"Ecuador","ECU","Gini index","SI.POV.GINI",1996,50.4
"Guatemala","GTM","Gini index","SI.POV.GINI",1996,51.4888888888889
"Honduras","HND","Gini index","SI.POV.GINI",1996,55.7
"Mexico","MEX","Gini index","SI.POV.GINI",1996,52
"Nicaragua","NIC","Gini index","SI.POV.GINI",1996,55.48
"Panama","PAN","Gini index","SI.POV.GINI",1996,57.9
"Peru","PER","Gini index","SI.POV.GINI",1996,NA
"Paraguay","PRY","Gini index","SI.POV.GINI",1996,56.5
"El Salvador","SLV","Gini index","SI.POV.GINI",1996,51
"Uruguay","URY","Gini index","SI.POV.GINI",1996,40.8
"Argentina","ARG","Gini index","SI.POV.GINI",1997,49.1
"Bolivia","BOL","Gini index","SI.POV.GINI",1997,58.1
"Brazil","BRA","Gini index","SI.POV.GINI",1997,59.8
"Chile","CHL","Gini index","SI.POV.GINI",1997,55.2
"Colombia","COL","Gini index","SI.POV.GINI",1997,57.3666666666667
"Costa Rica","CRI","Gini index","SI.POV.GINI",1997,45.6
"Dominican Republic","DOM","Gini index","SI.POV.GINI",1997,48.9
"Ecuador","ECU","Gini index","SI.POV.GINI",1997,50
"Guatemala","GTM","Gini index","SI.POV.GINI",1997,50.4444444444444
"Honduras","HND","Gini index","SI.POV.GINI",1997,52.7
"Mexico","MEX","Gini index","SI.POV.GINI",1997,52.65
"Nicaragua","NIC","Gini index","SI.POV.GINI",1997,54.94
"Panama","PAN","Gini index","SI.POV.GINI",1997,58.1
"Peru","PER","Gini index","SI.POV.GINI",1997,53.3
"Paraguay","PRY","Gini index","SI.POV.GINI",1997,54.9
"El Salvador","SLV","Gini index","SI.POV.GINI",1997,52.7
"Uruguay","URY","Gini index","SI.POV.GINI",1997,41.5
"Argentina","ARG","Gini index","SI.POV.GINI",1998,50.7
"Bolivia","BOL","Gini index","SI.POV.GINI",1998,58.05
"Brazil","BRA","Gini index","SI.POV.GINI",1998,59.6
"Chile","CHL","Gini index","SI.POV.GINI",1998,55.5
"Colombia","COL","Gini index","SI.POV.GINI",1998,57.9333333333333
"Costa Rica","CRI","Gini index","SI.POV.GINI",1998,45.6
"Dominican Republic","DOM","Gini index","SI.POV.GINI",1998,49.7666666666667
"Ecuador","ECU","Gini index","SI.POV.GINI",1998,49.6
"Guatemala","GTM","Gini index","SI.POV.GINI",1998,49.4
"Honduras","HND","Gini index","SI.POV.GINI",1998,57.3
"Mexico","MEX","Gini index","SI.POV.GINI",1998,53.3
"Nicaragua","NIC","Gini index","SI.POV.GINI",1998,54.4
"Panama","PAN","Gini index","SI.POV.GINI",1998,57.4
"Peru","PER","Gini index","SI.POV.GINI",1998,55.1
"Paraguay","PRY","Gini index","SI.POV.GINI",1998,54.75
"El Salvador","SLV","Gini index","SI.POV.GINI",1998,54.4
"Uruguay","URY","Gini index","SI.POV.GINI",1998,42.5
"Argentina","ARG","Gini index","SI.POV.GINI",1999,49.8
"Bolivia","BOL","Gini index","SI.POV.GINI",1999,58
"Brazil","BRA","Gini index","SI.POV.GINI",1999,59
"Chile","CHL","Gini index","SI.POV.GINI",1999,54.15
"Colombia","COL","Gini index","SI.POV.GINI",1999,58.5
"Costa Rica","CRI","Gini index","SI.POV.GINI",1999,47.6
"Dominican Republic","DOM","Gini index","SI.POV.GINI",1999,50.6333333333333
"Ecuador","ECU","Gini index","SI.POV.GINI",1999,58.6
"Guatemala","GTM","Gini index","SI.POV.GINI",1999,51.8
"Honduras","HND","Gini index","SI.POV.GINI",1999,55.2
"Mexico","MEX","Gini index","SI.POV.GINI",1999,53.35
"Nicaragua","NIC","Gini index","SI.POV.GINI",1999,53.9
"Panama","PAN","Gini index","SI.POV.GINI",1999,56.4
"Peru","PER","Gini index","SI.POV.GINI",1999,54.8
"Paraguay","PRY","Gini index","SI.POV.GINI",1999,54.6
"El Salvador","SLV","Gini index","SI.POV.GINI",1999,52.1
"Uruguay","URY","Gini index","SI.POV.GINI",1999,42.7
"Argentina","ARG","Gini index","SI.POV.GINI",2000,51
"Bolivia","BOL","Gini index","SI.POV.GINI",2000,61.6
"Brazil","BRA","Gini index","SI.POV.GINI",2000,58.7
"Chile","CHL","Gini index","SI.POV.GINI",2000,52.8
"Colombia","COL","Gini index","SI.POV.GINI",2000,58.4
"Costa Rica","CRI","Gini index","SI.POV.GINI",2000,47.4
"Dominican Republic","DOM","Gini index","SI.POV.GINI",2000,51.5
"Ecuador","ECU","Gini index","SI.POV.GINI",2000,56.3
"Guatemala","GTM","Gini index","SI.POV.GINI",2000,54.2
"Honduras","HND","Gini index","SI.POV.GINI",2000,55.3
"Mexico","MEX","Gini index","SI.POV.GINI",2000,53.4
"Nicaragua","NIC","Gini index","SI.POV.GINI",2000,53.4
"Panama","PAN","Gini index","SI.POV.GINI",2000,56.6
"Peru","PER","Gini index","SI.POV.GINI",2000,49.1
"Paraguay","PRY","Gini index","SI.POV.GINI",2000,54.6
"El Salvador","SLV","Gini index","SI.POV.GINI",2000,51.5
"Uruguay","URY","Gini index","SI.POV.GINI",2000,42.9
"Argentina","ARG","Gini index","SI.POV.GINI",2001,53.3
"Bolivia","BOL","Gini index","SI.POV.GINI",2001,57.4
"Brazil","BRA","Gini index","SI.POV.GINI",2001,58.4
"Chile","CHL","Gini index","SI.POV.GINI",2001,52.3666666666667
"Colombia","COL","Gini index","SI.POV.GINI",2001,57.3
"Costa Rica","CRI","Gini index","SI.POV.GINI",2001,51.5
"Dominican Republic","DOM","Gini index","SI.POV.GINI",2001,50
"Ecuador","ECU","Gini index","SI.POV.GINI",2001,55.3666666666667
"Guatemala","GTM","Gini index","SI.POV.GINI",2001,54.2666666666667
"Honduras","HND","Gini index","SI.POV.GINI",2001,55.4
"Mexico","MEX","Gini index","SI.POV.GINI",2001,52
"Nicaragua","NIC","Gini index","SI.POV.GINI",2001,52.9
"Panama","PAN","Gini index","SI.POV.GINI",2001,56.7
"Peru","PER","Gini index","SI.POV.GINI",2001,51.3
"Paraguay","PRY","Gini index","SI.POV.GINI",2001,54.6
"El Salvador","SLV","Gini index","SI.POV.GINI",2001,51.3
"Uruguay","URY","Gini index","SI.POV.GINI",2001,45
"Argentina","ARG","Gini index","SI.POV.GINI",2002,53.8
"Bolivia","BOL","Gini index","SI.POV.GINI",2002,59.3
"Brazil","BRA","Gini index","SI.POV.GINI",2002,58.1
"Chile","CHL","Gini index","SI.POV.GINI",2002,51.9333333333333
"Colombia","COL","Gini index","SI.POV.GINI",2002,56
"Costa Rica","CRI","Gini index","SI.POV.GINI",2002,51.8
"Dominican Republic","DOM","Gini index","SI.POV.GINI",2002,49.7
"Ecuador","ECU","Gini index","SI.POV.GINI",2002,54.4333333333333
"Guatemala","GTM","Gini index","SI.POV.GINI",2002,54.3333333333333
"Honduras","HND","Gini index","SI.POV.GINI",2002,55.7
"Mexico","MEX","Gini index","SI.POV.GINI",2002,50.6
"Nicaragua","NIC","Gini index","SI.POV.GINI",2002,51.875
"Panama","PAN","Gini index","SI.POV.GINI",2002,56.1
"Peru","PER","Gini index","SI.POV.GINI",2002,53.6
"Paraguay","PRY","Gini index","SI.POV.GINI",2002,57.3
"El Salvador","SLV","Gini index","SI.POV.GINI",2002,51.9
"Uruguay","URY","Gini index","SI.POV.GINI",2002,45.5
"Argentina","ARG","Gini index","SI.POV.GINI",2003,51
"Bolivia","BOL","Gini index","SI.POV.GINI",2003,57.15
"Brazil","BRA","Gini index","SI.POV.GINI",2003,57.6
"Chile","CHL","Gini index","SI.POV.GINI",2003,51.5
"Colombia","COL","Gini index","SI.POV.GINI",2003,53.6
"Costa Rica","CRI","Gini index","SI.POV.GINI",2003,49.3
"Dominican Republic","DOM","Gini index","SI.POV.GINI",2003,52.1
"Ecuador","ECU","Gini index","SI.POV.GINI",2003,53.5
"Guatemala","GTM","Gini index","SI.POV.GINI",2003,54.4
"Honduras","HND","Gini index","SI.POV.GINI",2003,58.1
"Mexico","MEX","Gini index","SI.POV.GINI",2003,50.45
"Nicaragua","NIC","Gini index","SI.POV.GINI",2003,50.85
"Panama","PAN","Gini index","SI.POV.GINI",2003,55.7
"Peru","PER","Gini index","SI.POV.GINI",2003,53.1
"Paraguay","PRY","Gini index","SI.POV.GINI",2003,54.9
"El Salvador","SLV","Gini index","SI.POV.GINI",2003,50.4
"Uruguay","URY","Gini index","SI.POV.GINI",2003,45
"Argentina","ARG","Gini index","SI.POV.GINI",2004,48.5
"Bolivia","BOL","Gini index","SI.POV.GINI",2004,55
"Brazil","BRA","Gini index","SI.POV.GINI",2004,56.5
"Chile","CHL","Gini index","SI.POV.GINI",2004,50.2333333333333
"Colombia","COL","Gini index","SI.POV.GINI",2004,55
"Costa Rica","CRI","Gini index","SI.POV.GINI",2004,48.4
"Dominican Republic","DOM","Gini index","SI.POV.GINI",2004,52
"Ecuador","ECU","Gini index","SI.POV.GINI",2004,53.9
"Guatemala","GTM","Gini index","SI.POV.GINI",2004,54.4666666666667
"Honduras","HND","Gini index","SI.POV.GINI",2004,58.1
"Mexico","MEX","Gini index","SI.POV.GINI",2004,50.3
"Nicaragua","NIC","Gini index","SI.POV.GINI",2004,49.825
"Panama","PAN","Gini index","SI.POV.GINI",2004,54.8
"Peru","PER","Gini index","SI.POV.GINI",2004,49.9
"Paraguay","PRY","Gini index","SI.POV.GINI",2004,52.3
"El Salvador","SLV","Gini index","SI.POV.GINI",2004,47.8
"Uruguay","URY","Gini index","SI.POV.GINI",2004,45.9
"Argentina","ARG","Gini index","SI.POV.GINI",2005,47.8
"Bolivia","BOL","Gini index","SI.POV.GINI",2005,58.5
"Brazil","BRA","Gini index","SI.POV.GINI",2005,56.3
"Chile","CHL","Gini index","SI.POV.GINI",2005,48.9666666666667
"Colombia","COL","Gini index","SI.POV.GINI",2005,53.9
"Costa Rica","CRI","Gini index","SI.POV.GINI",2005,47.5
"Dominican Republic","DOM","Gini index","SI.POV.GINI",2005,50
"Ecuador","ECU","Gini index","SI.POV.GINI",2005,53
"Guatemala","GTM","Gini index","SI.POV.GINI",2005,54.5333333333333
"Honduras","HND","Gini index","SI.POV.GINI",2005,59.5
"Mexico","MEX","Gini index","SI.POV.GINI",2005,50.9
"Nicaragua","NIC","Gini index","SI.POV.GINI",2005,48.8
"Panama","PAN","Gini index","SI.POV.GINI",2005,53.8
"Peru","PER","Gini index","SI.POV.GINI",2005,50.4
"Paraguay","PRY","Gini index","SI.POV.GINI",2005,51.4
"El Salvador","SLV","Gini index","SI.POV.GINI",2005,48.5
"Uruguay","URY","Gini index","SI.POV.GINI",2005,44.7
"Argentina","ARG","Gini index","SI.POV.GINI",2006,46.4
"Bolivia","BOL","Gini index","SI.POV.GINI",2006,56.7
"Brazil","BRA","Gini index","SI.POV.GINI",2006,55.6
"Chile","CHL","Gini index","SI.POV.GINI",2006,47.7
"Colombia","COL","Gini index","SI.POV.GINI",2006,54.3666666666667
"Costa Rica","CRI","Gini index","SI.POV.GINI",2006,49.3
"Dominican Republic","DOM","Gini index","SI.POV.GINI",2006,52
"Ecuador","ECU","Gini index","SI.POV.GINI",2006,52.2
"Guatemala","GTM","Gini index","SI.POV.GINI",2006,54.6
"Honduras","HND","Gini index","SI.POV.GINI",2006,57.5
"Mexico","MEX","Gini index","SI.POV.GINI",2006,49.7
"Nicaragua","NIC","Gini index","SI.POV.GINI",2006,47.575
"Panama","PAN","Gini index","SI.POV.GINI",2006,54.6
"Peru","PER","Gini index","SI.POV.GINI",2006,50.3
"Paraguay","PRY","Gini index","SI.POV.GINI",2006,53
"El Salvador","SLV","Gini index","SI.POV.GINI",2006,45.7
"Uruguay","URY","Gini index","SI.POV.GINI",2006,45.9
"Argentina","ARG","Gini index","SI.POV.GINI",2007,46.3
"Bolivia","BOL","Gini index","SI.POV.GINI",2007,54.5
"Brazil","BRA","Gini index","SI.POV.GINI",2007,54.9
"Chile","CHL","Gini index","SI.POV.GINI",2007,47.6
"Colombia","COL","Gini index","SI.POV.GINI",2007,54.8333333333333
"Costa Rica","CRI","Gini index","SI.POV.GINI",2007,49.3
"Dominican Republic","DOM","Gini index","SI.POV.GINI",2007,48.9
"Ecuador","ECU","Gini index","SI.POV.GINI",2007,53.4
"Guatemala","GTM","Gini index","SI.POV.GINI",2007,53.8125
"Honduras","HND","Gini index","SI.POV.GINI",2007,55.8
"Mexico","MEX","Gini index","SI.POV.GINI",2007,50.25
"Nicaragua","NIC","Gini index","SI.POV.GINI",2007,46.35
"Panama","PAN","Gini index","SI.POV.GINI",2007,52.7
"Peru","PER","Gini index","SI.POV.GINI",2007,50
"Paraguay","PRY","Gini index","SI.POV.GINI",2007,53
"El Salvador","SLV","Gini index","SI.POV.GINI",2007,45.2
"Uruguay","URY","Gini index","SI.POV.GINI",2007,46.4
"Argentina","ARG","Gini index","SI.POV.GINI",2008,45
"Bolivia","BOL","Gini index","SI.POV.GINI",2008,50.8
"Brazil","BRA","Gini index","SI.POV.GINI",2008,54
"Chile","CHL","Gini index","SI.POV.GINI",2008,47.5
"Colombia","COL","Gini index","SI.POV.GINI",2008,55.3
"Costa Rica","CRI","Gini index","SI.POV.GINI",2008,48.6
"Dominican Republic","DOM","Gini index","SI.POV.GINI",2008,48.1
"Ecuador","ECU","Gini index","SI.POV.GINI",2008,49.8
"Guatemala","GTM","Gini index","SI.POV.GINI",2008,53.025
"Honduras","HND","Gini index","SI.POV.GINI",2008,55.5
"Mexico","MEX","Gini index","SI.POV.GINI",2008,50.8
"Nicaragua","NIC","Gini index","SI.POV.GINI",2008,45.125
"Panama","PAN","Gini index","SI.POV.GINI",2008,52.7
"Peru","PER","Gini index","SI.POV.GINI",2008,47.5
"Paraguay","PRY","Gini index","SI.POV.GINI",2008,50.7
"El Salvador","SLV","Gini index","SI.POV.GINI",2008,46.9
"Uruguay","URY","Gini index","SI.POV.GINI",2008,45.1
"Argentina","ARG","Gini index","SI.POV.GINI",2009,43.8
"Bolivia","BOL","Gini index","SI.POV.GINI",2009,49.2
"Brazil","BRA","Gini index","SI.POV.GINI",2009,53.7
"Chile","CHL","Gini index","SI.POV.GINI",2009,47.4
"Colombia","COL","Gini index","SI.POV.GINI",2009,54.3
"Costa Rica","CRI","Gini index","SI.POV.GINI",2009,50.6
"Dominican Republic","DOM","Gini index","SI.POV.GINI",2009,48.9
"Ecuador","ECU","Gini index","SI.POV.GINI",2009,48.5
"Guatemala","GTM","Gini index","SI.POV.GINI",2009,52.2375
"Honduras","HND","Gini index","SI.POV.GINI",2009,51.3
"Mexico","MEX","Gini index","SI.POV.GINI",2009,49.25
"Nicaragua","NIC","Gini index","SI.POV.GINI",2009,43.9
"Panama","PAN","Gini index","SI.POV.GINI",2009,51.8
"Peru","PER","Gini index","SI.POV.GINI",2009,47
"Paraguay","PRY","Gini index","SI.POV.GINI",2009,49.1
"El Salvador","SLV","Gini index","SI.POV.GINI",2009,45.8
"Uruguay","URY","Gini index","SI.POV.GINI",2009,45.5
"Argentina","ARG","Gini index","SI.POV.GINI",2010,43.7
"Bolivia","BOL","Gini index","SI.POV.GINI",2010,47.65
"Brazil","BRA","Gini index","SI.POV.GINI",2010,53.3
"Chile","CHL","Gini index","SI.POV.GINI",2010,47.15
"Colombia","COL","Gini index","SI.POV.GINI",2010,54.6
"Costa Rica","CRI","Gini index","SI.POV.GINI",2010,48
"Dominican Republic","DOM","Gini index","SI.POV.GINI",2010,47.3
"Ecuador","ECU","Gini index","SI.POV.GINI",2010,48.8
"Guatemala","GTM","Gini index","SI.POV.GINI",2010,51.45
"Honduras","HND","Gini index","SI.POV.GINI",2010,53.1
"Mexico","MEX","Gini index","SI.POV.GINI",2010,47.7
"Nicaragua","NIC","Gini index","SI.POV.GINI",2010,44.36
"Panama","PAN","Gini index","SI.POV.GINI",2010,51.6
"Peru","PER","Gini index","SI.POV.GINI",2010,45.5
"Paraguay","PRY","Gini index","SI.POV.GINI",2010,51
"El Salvador","SLV","Gini index","SI.POV.GINI",2010,43.5
"Uruguay","URY","Gini index","SI.POV.GINI",2010,44.5
"Argentina","ARG","Gini index","SI.POV.GINI",2011,42.7
"Bolivia","BOL","Gini index","SI.POV.GINI",2011,46.1
"Brazil","BRA","Gini index","SI.POV.GINI",2011,52.9
"Chile","CHL","Gini index","SI.POV.GINI",2011,46.9
"Colombia","COL","Gini index","SI.POV.GINI",2011,53.5
"Costa Rica","CRI","Gini index","SI.POV.GINI",2011,48.8
"Dominican Republic","DOM","Gini index","SI.POV.GINI",2011,47.7
"Ecuador","ECU","Gini index","SI.POV.GINI",2011,45.9
"Guatemala","GTM","Gini index","SI.POV.GINI",2011,50.6625
"Honduras","HND","Gini index","SI.POV.GINI",2011,52.6
"Mexico","MEX","Gini index","SI.POV.GINI",2011,48.65
"Nicaragua","NIC","Gini index","SI.POV.GINI",2011,44.82
"Panama","PAN","Gini index","SI.POV.GINI",2011,51.3
"Peru","PER","Gini index","SI.POV.GINI",2011,44.7
"Paraguay","PRY","Gini index","SI.POV.GINI",2011,52.3
"El Salvador","SLV","Gini index","SI.POV.GINI",2011,42.3
"Uruguay","URY","Gini index","SI.POV.GINI",2011,42.2
"Argentina","ARG","Gini index","SI.POV.GINI",2012,41.4
"Bolivia","BOL","Gini index","SI.POV.GINI",2012,46.6
"Brazil","BRA","Gini index","SI.POV.GINI",2012,53.4
"Chile","CHL","Gini index","SI.POV.GINI",2012,46.85
"Colombia","COL","Gini index","SI.POV.GINI",2012,52.6
"Costa Rica","CRI","Gini index","SI.POV.GINI",2012,48.4
"Dominican Republic","DOM","Gini index","SI.POV.GINI",2012,46.1
"Ecuador","ECU","Gini index","SI.POV.GINI",2012,46.1
"Guatemala","GTM","Gini index","SI.POV.GINI",2012,49.875
"Honduras","HND","Gini index","SI.POV.GINI",2012,53.4
"Mexico","MEX","Gini index","SI.POV.GINI",2012,49.6
"Nicaragua","NIC","Gini index","SI.POV.GINI",2012,45.28
"Panama","PAN","Gini index","SI.POV.GINI",2012,51.7
"Peru","PER","Gini index","SI.POV.GINI",2012,44.4
"Paraguay","PRY","Gini index","SI.POV.GINI",2012,47.6
"El Salvador","SLV","Gini index","SI.POV.GINI",2012,41.8
"Uruguay","URY","Gini index","SI.POV.GINI",2012,39.9
"Argentina","ARG","Gini index","SI.POV.GINI",2013,41.1
"Bolivia","BOL","Gini index","SI.POV.GINI",2013,47.6
"Brazil","BRA","Gini index","SI.POV.GINI",2013,52.7
"Chile","CHL","Gini index","SI.POV.GINI",2013,46.8
"Colombia","COL","Gini index","SI.POV.GINI",2013,52.6
"Costa Rica","CRI","Gini index","SI.POV.GINI",2013,49.2
"Dominican Republic","DOM","Gini index","SI.POV.GINI",2013,47.7
"Ecuador","ECU","Gini index","SI.POV.GINI",2013,46.9
"Guatemala","GTM","Gini index","SI.POV.GINI",2013,49.0875
"Honduras","HND","Gini index","SI.POV.GINI",2013,50
"Mexico","MEX","Gini index","SI.POV.GINI",2013,49.25
"Nicaragua","NIC","Gini index","SI.POV.GINI",2013,45.74
"Panama","PAN","Gini index","SI.POV.GINI",2013,51.5
"Peru","PER","Gini index","SI.POV.GINI",2013,43.9
"Paraguay","PRY","Gini index","SI.POV.GINI",2013,47.9
"El Salvador","SLV","Gini index","SI.POV.GINI",2013,43.4
"Uruguay","URY","Gini index","SI.POV.GINI",2013,40.5
"Argentina","ARG","Gini index","SI.POV.GINI",2014,41.8
"Bolivia","BOL","Gini index","SI.POV.GINI",2014,47.8
"Brazil","BRA","Gini index","SI.POV.GINI",2014,52
"Chile","CHL","Gini index","SI.POV.GINI",2014,46.05
"Colombia","COL","Gini index","SI.POV.GINI",2014,52.5
"Costa Rica","CRI","Gini index","SI.POV.GINI",2014,48.6
"Dominican Republic","DOM","Gini index","SI.POV.GINI",2014,44.3
"Ecuador","ECU","Gini index","SI.POV.GINI",2014,45
"Guatemala","GTM","Gini index","SI.POV.GINI",2014,48.3
"Honduras","HND","Gini index","SI.POV.GINI",2014,49.9
"Mexico","MEX","Gini index","SI.POV.GINI",2014,48.9
"Nicaragua","NIC","Gini index","SI.POV.GINI",2014,46.2
"Panama","PAN","Gini index","SI.POV.GINI",2014,50.5
"Peru","PER","Gini index","SI.POV.GINI",2014,43.1
"Paraguay","PRY","Gini index","SI.POV.GINI",2014,50.7
"El Salvador","SLV","Gini index","SI.POV.GINI",2014,41.6
"Uruguay","URY","Gini index","SI.POV.GINI",2014,40.1
"Argentina","ARG","Gini index","SI.POV.GINI",2015,42.05
"Bolivia","BOL","Gini index","SI.POV.GINI",2015,46.7
"Brazil","BRA","Gini index","SI.POV.GINI",2015,51.9
"Chile","CHL","Gini index","SI.POV.GINI",2015,45.3
"Colombia","COL","Gini index","SI.POV.GINI",2015,51
"Costa Rica","CRI","Gini index","SI.POV.GINI",2015,48.4
"Dominican Republic","DOM","Gini index","SI.POV.GINI",2015,45.2
"Ecuador","ECU","Gini index","SI.POV.GINI",2015,46
"Guatemala","GTM","Gini index","SI.POV.GINI",2015,NA
"Honduras","HND","Gini index","SI.POV.GINI",2015,49.2
"Mexico","MEX","Gini index","SI.POV.GINI",2015,47.9
"Nicaragua","NIC","Gini index","SI.POV.GINI",2015,NA
"Panama","PAN","Gini index","SI.POV.GINI",2015,50.8
"Peru","PER","Gini index","SI.POV.GINI",2015,43.4
"Paraguay","PRY","Gini index","SI.POV.GINI",2015,47.6
"El Salvador","SLV","Gini index","SI.POV.GINI",2015,40.6
"Uruguay","URY","Gini index","SI.POV.GINI",2015,40.1
"Argentina","ARG","Gini index","SI.POV.GINI",2016,42.3
"Bolivia","BOL","Gini index","SI.POV.GINI",2016,45.2
"Brazil","BRA","Gini index","SI.POV.GINI",2016,53.4
"Chile","CHL","Gini index","SI.POV.GINI",2016,45.3
"Colombia","COL","Gini index","SI.POV.GINI",2016,50.6
"Costa Rica","CRI","Gini index","SI.POV.GINI",2016,48.7
"Dominican Republic","DOM","Gini index","SI.POV.GINI",2016,45.7
"Ecuador","ECU","Gini index","SI.POV.GINI",2016,45
"Guatemala","GTM","Gini index","SI.POV.GINI",2016,NA
"Honduras","HND","Gini index","SI.POV.GINI",2016,49.8
"Mexico","MEX","Gini index","SI.POV.GINI",2016,46.9
"Nicaragua","NIC","Gini index","SI.POV.GINI",2016,NA
"Panama","PAN","Gini index","SI.POV.GINI",2016,50.4
"Peru","PER","Gini index","SI.POV.GINI",2016,43.6
"Paraguay","PRY","Gini index","SI.POV.GINI",2016,47.9
"El Salvador","SLV","Gini index","SI.POV.GINI",2016,40
"Uruguay","URY","Gini index","SI.POV.GINI",2016,39.7
"Argentina","ARG","Gini index","SI.POV.GINI",2017,41.4
"Bolivia","BOL","Gini index","SI.POV.GINI",2017,44.6
"Brazil","BRA","Gini index","SI.POV.GINI",2017,53.3
"Chile","CHL","Gini index","SI.POV.GINI",2017,45.3
"Colombia","COL","Gini index","SI.POV.GINI",2017,49.7
"Costa Rica","CRI","Gini index","SI.POV.GINI",2017,48.3
"Dominican Republic","DOM","Gini index","SI.POV.GINI",2017,42.2
"Ecuador","ECU","Gini index","SI.POV.GINI",2017,44.7
"Guatemala","GTM","Gini index","SI.POV.GINI",2017,NA
"Honduras","HND","Gini index","SI.POV.GINI",2017,49.4
"Mexico","MEX","Gini index","SI.POV.GINI",2017,46.45
"Nicaragua","NIC","Gini index","SI.POV.GINI",2017,NA
"Panama","PAN","Gini index","SI.POV.GINI",2017,49.9
"Peru","PER","Gini index","SI.POV.GINI",2017,43.3
"Paraguay","PRY","Gini index","SI.POV.GINI",2017,48.5
"El Salvador","SLV","Gini index","SI.POV.GINI",2017,38
"Uruguay","URY","Gini index","SI.POV.GINI",2017,39.5
"Argentina","ARG","Gini index","SI.POV.GINI",2018,41.7
"Bolivia","BOL","Gini index","SI.POV.GINI",2018,42.6
"Brazil","BRA","Gini index","SI.POV.GINI",2018,53.9
"Chile","CHL","Gini index","SI.POV.GINI",2018,45.8666666666667
"Colombia","COL","Gini index","SI.POV.GINI",2018,50.4
"Costa Rica","CRI","Gini index","SI.POV.GINI",2018,48
"Dominican Republic","DOM","Gini index","SI.POV.GINI",2018,43.7
"Ecuador","ECU","Gini index","SI.POV.GINI",2018,45.4
"Guatemala","GTM","Gini index","SI.POV.GINI",2018,NA
"Honduras","HND","Gini index","SI.POV.GINI",2018,48.9
"Mexico","MEX","Gini index","SI.POV.GINI",2018,46
"Nicaragua","NIC","Gini index","SI.POV.GINI",2018,NA
"Panama","PAN","Gini index","SI.POV.GINI",2018,49.2
"Peru","PER","Gini index","SI.POV.GINI",2018,42.4
"Paraguay","PRY","Gini index","SI.POV.GINI",2018,46
"El Salvador","SLV","Gini index","SI.POV.GINI",2018,38.6
"Uruguay","URY","Gini index","SI.POV.GINI",2018,39.7
"Argentina","ARG","Gini index","SI.POV.GINI",2019,43.3
"Bolivia","BOL","Gini index","SI.POV.GINI",2019,41.6
"Brazil","BRA","Gini index","SI.POV.GINI",2019,53.5
"Chile","CHL","Gini index","SI.POV.GINI",2019,46.4333333333333
"Colombia","COL","Gini index","SI.POV.GINI",2019,51.3
"Costa Rica","CRI","Gini index","SI.POV.GINI",2019,48.2
"Dominican Republic","DOM","Gini index","SI.POV.GINI",2019,41.9
"Ecuador","ECU","Gini index","SI.POV.GINI",2019,45.7
"Guatemala","GTM","Gini index","SI.POV.GINI",2019,NA
"Honduras","HND","Gini index","SI.POV.GINI",2019,48.2
"Mexico","MEX","Gini index","SI.POV.GINI",2019,45.3
"Nicaragua","NIC","Gini index","SI.POV.GINI",2019,NA
"Panama","PAN","Gini index","SI.POV.GINI",2019,49.8
"Peru","PER","Gini index","SI.POV.GINI",2019,41.5
"Paraguay","PRY","Gini index","SI.POV.GINI",2019,45.7
"El Salvador","SLV","Gini index","SI.POV.GINI",2019,38.8
"Uruguay","URY","Gini index","SI.POV.GINI",2019,39.7
"Argentina","ARG","Gini index","SI.POV.GINI",2020,42.7
"Bolivia","BOL","Gini index","SI.POV.GINI",2020,43.6
"Brazil","BRA","Gini index","SI.POV.GINI",2020,48.9
"Chile","CHL","Gini index","SI.POV.GINI",2020,47
"Colombia","COL","Gini index","SI.POV.GINI",2020,53.5
"Costa Rica","CRI","Gini index","SI.POV.GINI",2020,49.2
"Dominican Republic","DOM","Gini index","SI.POV.GINI",2020,39.6
"Ecuador","ECU","Gini index","SI.POV.GINI",2020,47.3
"Guatemala","GTM","Gini index","SI.POV.GINI",2020,NA
"Honduras","HND","Gini index","SI.POV.GINI",2020,NA
"Mexico","MEX","Gini index","SI.POV.GINI",2020,44.6
"Nicaragua","NIC","Gini index","SI.POV.GINI",2020,NA
"Panama","PAN","Gini index","SI.POV.GINI",2020,50.35
"Peru","PER","Gini index","SI.POV.GINI",2020,43.7
"Paraguay","PRY","Gini index","SI.POV.GINI",2020,43.5
"El Salvador","SLV","Gini index","SI.POV.GINI",2020,38.9
"Uruguay","URY","Gini index","SI.POV.GINI",2020,40.2
"Argentina","ARG","Gini index","SI.POV.GINI",2021,42.4
"Bolivia","BOL","Gini index","SI.POV.GINI",2021,40.9
"Brazil","BRA","Gini index","SI.POV.GINI",2021,52.9
"Chile","CHL","Gini index","SI.POV.GINI",2021,45
"Colombia","COL","Gini index","SI.POV.GINI",2021,55.1
"Costa Rica","CRI","Gini index","SI.POV.GINI",2021,48.7
"Dominican Republic","DOM","Gini index","SI.POV.GINI",2021,38.5
"Ecuador","ECU","Gini index","SI.POV.GINI",2021,45.8
"Guatemala","GTM","Gini index","SI.POV.GINI",2021,NA
"Honduras","HND","Gini index","SI.POV.GINI",2021,NA
"Mexico","MEX","Gini index","SI.POV.GINI",2021,44.05
"Nicaragua","NIC","Gini index","SI.POV.GINI",2021,NA
"Panama","PAN","Gini index","SI.POV.GINI",2021,50.9
"Peru","PER","Gini index","SI.POV.GINI",2021,40.1
"Paraguay","PRY","Gini index","SI.POV.GINI",2021,42.9
"El Salvador","SLV","Gini index","SI.POV.GINI",2021,39
"Uruguay","URY","Gini index","SI.POV.GINI",2021,40.8
"Argentina","ARG","Gini index","SI.POV.GINI",2022,40.7
"Bolivia","BOL","Gini index","SI.POV.GINI",2022,NA
"Brazil","BRA","Gini index","SI.POV.GINI",2022,52
"Chile","CHL","Gini index","SI.POV.GINI",2022,43
"Colombia","COL","Gini index","SI.POV.GINI",2022,54.8
"Costa Rica","CRI","Gini index","SI.POV.GINI",2022,47.2
"Dominican Republic","DOM","Gini index","SI.POV.GINI",2022,37
"Ecuador","ECU","Gini index","SI.POV.GINI",2022,45.5
"Guatemala","GTM","Gini index","SI.POV.GINI",2022,NA
"Honduras","HND","Gini index","SI.POV.GINI",2022,NA
"Mexico","MEX","Gini index","SI.POV.GINI",2022,43.5
"Nicaragua","NIC","Gini index","SI.POV.GINI",2022,NA
"Panama","PAN","Gini index","SI.POV.GINI",2022,49.9
"Peru","PER","Gini index","SI.POV.GINI",2022,40.3
"Paraguay","PRY","Gini index","SI.POV.GINI",2022,45.1
"El Salvador","SLV","Gini index","SI.POV.GINI",2022,38.8
"Uruguay","URY","Gini index","SI.POV.GINI",2022,40.6
"Argentina","ARG","Gini index","SI.POV.GINI",2023,NA
"Bolivia","BOL","Gini index","SI.POV.GINI",2023,NA
"Brazil","BRA","Gini index","SI.POV.GINI",2023,NA
"Chile","CHL","Gini index","SI.POV.GINI",2023,NA
"Colombia","COL","Gini index","SI.POV.GINI",2023,NA
"Costa Rica","CRI","Gini index","SI.POV.GINI",2023,46.7
"Dominican Republic","DOM","Gini index","SI.POV.GINI",2023,NA
"Ecuador","ECU","Gini index","SI.POV.GINI",2023,44.6
"Guatemala","GTM","Gini index","SI.POV.GINI",2023,NA
"Honduras","HND","Gini index","SI.POV.GINI",2023,NA
"Mexico","MEX","Gini index","SI.POV.GINI",2023,NA
"Nicaragua","NIC","Gini index","SI.POV.GINI",2023,NA
"Panama","PAN","Gini index","SI.POV.GINI",2023,48.9
"Peru","PER","Gini index","SI.POV.GINI",2023,NA
"Paraguay","PRY","Gini index","SI.POV.GINI",2023,NA
"El Salvador","SLV","Gini index","SI.POV.GINI",2023,NA
"Uruguay","URY","Gini index","SI.POV.GINI",2023,NA
"Argentina","ARG","Gini index","SI.POV.GINI",NA,NA
"Bolivia","BOL","Gini index","SI.POV.GINI",NA,NA
"Brazil","BRA","Gini index","SI.POV.GINI",NA,NA
"Chile","CHL","Gini index","SI.POV.GINI",NA,NA
"Colombia","COL","Gini index","SI.POV.GINI",NA,NA
"Costa Rica","CRI","Gini index","SI.POV.GINI",NA,NA
"Dominican Republic","DOM","Gini index","SI.POV.GINI",NA,NA
"Ecuador","ECU","Gini index","SI.POV.GINI",NA,NA
"Guatemala","GTM","Gini index","SI.POV.GINI",NA,NA
"Honduras","HND","Gini index","SI.POV.GINI",NA,NA
"Mexico","MEX","Gini index","SI.POV.GINI",NA,NA
"Nicaragua","NIC","Gini index","SI.POV.GINI",NA,NA
"Panama","PAN","Gini index","SI.POV.GINI",NA,NA
"Peru","PER","Gini index","SI.POV.GINI",NA,NA
"Paraguay","PRY","Gini index","SI.POV.GINI",NA,NA
"El Salvador","SLV","Gini index","SI.POV.GINI",NA,NA
"Uruguay","URY","Gini index","SI.POV.GINI",NA,NA
