"ccode","cname","year","ccode_qog","cname_qog","ccodealp","ccodecow","version","cname_year","ccodealp_year","wdi_expedu"
32,"Argentina",1970,32,"Argentina","ARG",160,"QoGStdTSjan24","Argentina 1970","ARG70",1.46
32,"Argentina",1972,32,"Argentina","ARG",160,"QoGStdTSjan24","Argentina 1972","ARG72",1.94
32,"Argentina",1973,32,"Argentina","ARG",160,"QoGStdTSjan24","Argentina 1973","ARG73",1.78
32,"Argentina",1974,32,"Argentina","ARG",160,"QoGStdTSjan24","Argentina 1974","ARG74",1.92
32,"Argentina",1975,32,"Argentina","ARG",160,"QoGStdTSjan24","Argentina 1975","ARG75",1.84
32,"Argentina",1976,32,"Argentina","ARG",160,"QoGStdTSjan24","Argentina 1976","ARG76",1.17
32,"Argentina",1977,32,"Argentina","ARG",160,"QoGStdTSjan24","Argentina 1977","ARG77",1.72
32,"Argentina",1978,32,"Argentina","ARG",160,"QoGStdTSjan24","Argentina 1978","ARG78",1.94
32,"Argentina",1979,32,"Argentina","ARG",160,"QoGStdTSjan24","Argentina 1979","ARG79",2.4
32,"Argentina",1980,32,"Argentina","ARG",160,"QoGStdTSjan24","Argentina 1980","ARG80",2.61
32,"Argentina",1982,32,"Argentina","ARG",160,"QoGStdTSjan24","Argentina 1982","ARG82",1.6
32,"Argentina",1983,32,"Argentina","ARG",160,"QoGStdTSjan24","Argentina 1983","ARG83",1.62
32,"Argentina",1984,32,"Argentina","ARG",160,"QoGStdTSjan24","Argentina 1984","ARG84",2.57
32,"Argentina",1985,32,"Argentina","ARG",160,"QoGStdTSjan24","Argentina 1985","ARG85",1.36
32,"Argentina",1986,32,"Argentina","ARG",160,"QoGStdTSjan24","Argentina 1986","ARG86",1.26
32,"Argentina",1987,32,"Argentina","ARG",160,"QoGStdTSjan24","Argentina 1987","ARG87",1.28
32,"Argentina",1989,32,"Argentina","ARG",160,"QoGStdTSjan24","Argentina 1989","ARG89",1.05
32,"Argentina",1990,32,"Argentina","ARG",160,"QoGStdTSjan24","Argentina 1990","ARG90",1.07
32,"Argentina",1996,32,"Argentina","ARG",160,"QoGStdTSjan24","Argentina 1996","ARG96",3.73
32,"Argentina",1998,32,"Argentina","ARG",160,"QoGStdTSjan24","Argentina 1998","ARG98",4.04
32,"Argentina",1999,32,"Argentina","ARG",160,"QoGStdTSjan24","Argentina 1999","ARG99",4.52
32,"Argentina",2000,32,"Argentina","ARG",160,"QoGStdTSjan24","Argentina 2000","ARG00",4.58
32,"Argentina",2001,32,"Argentina","ARG",160,"QoGStdTSjan24","Argentina 2001","ARG01",4.83
32,"Argentina",2002,32,"Argentina","ARG",160,"QoGStdTSjan24","Argentina 2002","ARG02",4.02
32,"Argentina",2003,32,"Argentina","ARG",160,"QoGStdTSjan24","Argentina 2003","ARG03",3.54
32,"Argentina",2004,32,"Argentina","ARG",160,"QoGStdTSjan24","Argentina 2004","ARG04",3.49
32,"Argentina",2005,32,"Argentina","ARG",160,"QoGStdTSjan24","Argentina 2005","ARG05",3.86
32,"Argentina",2006,32,"Argentina","ARG",160,"QoGStdTSjan24","Argentina 2006","ARG06",4.13
32,"Argentina",2007,32,"Argentina","ARG",160,"QoGStdTSjan24","Argentina 2007","ARG07",4.46
32,"Argentina",2008,32,"Argentina","ARG",160,"QoGStdTSjan24","Argentina 2008","ARG08",4.84
32,"Argentina",2009,32,"Argentina","ARG",160,"QoGStdTSjan24","Argentina 2009","ARG09",5.53
32,"Argentina",2010,32,"Argentina","ARG",160,"QoGStdTSjan24","Argentina 2010","ARG10",5.02
32,"Argentina",2011,32,"Argentina","ARG",160,"QoGStdTSjan24","Argentina 2011","ARG11",5.29
32,"Argentina",2012,32,"Argentina","ARG",160,"QoGStdTSjan24","Argentina 2012","ARG12",5.35
32,"Argentina",2013,32,"Argentina","ARG",160,"QoGStdTSjan24","Argentina 2013","ARG13",5.44
32,"Argentina",2014,32,"Argentina","ARG",160,"QoGStdTSjan24","Argentina 2014","ARG14",5.36
32,"Argentina",2015,32,"Argentina","ARG",160,"QoGStdTSjan24","Argentina 2015","ARG15",5.78
32,"Argentina",2016,32,"Argentina","ARG",160,"QoGStdTSjan24","Argentina 2016","ARG16",5.55
32,"Argentina",2017,32,"Argentina","ARG",160,"QoGStdTSjan24","Argentina 2017","ARG17",5.45
32,"Argentina",2018,32,"Argentina","ARG",160,"QoGStdTSjan24","Argentina 2018","ARG18",4.88
32,"Argentina",2019,32,"Argentina","ARG",160,"QoGStdTSjan24","Argentina 2019","ARG19",4.78
32,"Argentina",2020,32,"Argentina","ARG",160,"QoGStdTSjan24","Argentina 2020","ARG20",5.28
32,"Argentina",2021,32,"Argentina","ARG",160,"QoGStdTSjan24","Argentina 2021","ARG21",4.65
76,"Brazil",1995,76,"Brazil","BRA",140,"QoGStdTSjan24","Brazil 1995","BRA95",4.57
76,"Brazil",1998,76,"Brazil","BRA",140,"QoGStdTSjan24","Brazil 1998","BRA98",4.76
76,"Brazil",1999,76,"Brazil","BRA",140,"QoGStdTSjan24","Brazil 1999","BRA99",3.8
76,"Brazil",2000,76,"Brazil","BRA",140,"QoGStdTSjan24","Brazil 2000","BRA00",3.95
76,"Brazil",2001,76,"Brazil","BRA",140,"QoGStdTSjan24","Brazil 2001","BRA01",3.84
76,"Brazil",2002,76,"Brazil","BRA",140,"QoGStdTSjan24","Brazil 2002","BRA02",3.75
76,"Brazil",2004,76,"Brazil","BRA",140,"QoGStdTSjan24","Brazil 2004","BRA04",3.97
76,"Brazil",2005,76,"Brazil","BRA",140,"QoGStdTSjan24","Brazil 2005","BRA05",4.48
76,"Brazil",2006,76,"Brazil","BRA",140,"QoGStdTSjan24","Brazil 2006","BRA06",4.87
76,"Brazil",2007,76,"Brazil","BRA",140,"QoGStdTSjan24","Brazil 2007","BRA07",4.97
76,"Brazil",2008,76,"Brazil","BRA",140,"QoGStdTSjan24","Brazil 2008","BRA08",5.27
76,"Brazil",2009,76,"Brazil","BRA",140,"QoGStdTSjan24","Brazil 2009","BRA09",5.46
76,"Brazil",2010,76,"Brazil","BRA",140,"QoGStdTSjan24","Brazil 2010","BRA10",5.65
76,"Brazil",2011,76,"Brazil","BRA",140,"QoGStdTSjan24","Brazil 2011","BRA11",5.74
76,"Brazil",2012,76,"Brazil","BRA",140,"QoGStdTSjan24","Brazil 2012","BRA12",5.86
76,"Brazil",2013,76,"Brazil","BRA",140,"QoGStdTSjan24","Brazil 2013","BRA13",5.84
76,"Brazil",2014,76,"Brazil","BRA",140,"QoGStdTSjan24","Brazil 2014","BRA14",5.95
76,"Brazil",2015,76,"Brazil","BRA",140,"QoGStdTSjan24","Brazil 2015","BRA15",6.24
76,"Brazil",2016,76,"Brazil","BRA",140,"QoGStdTSjan24","Brazil 2016","BRA16",6.31
76,"Brazil",2017,76,"Brazil","BRA",140,"QoGStdTSjan24","Brazil 2017","BRA17",6.32
76,"Brazil",2018,76,"Brazil","BRA",140,"QoGStdTSjan24","Brazil 2018","BRA18",6.09
76,"Brazil",2019,76,"Brazil","BRA",140,"QoGStdTSjan24","Brazil 2019","BRA19",5.96
76,"Brazil",2020,76,"Brazil","BRA",140,"QoGStdTSjan24","Brazil 2020","BRA20",5.77
152,"Chile",1974,152,"Chile","CHL",155,"QoGStdTSjan24","Chile 1974","CHL74",3.75
152,"Chile",1975,152,"Chile","CHL",155,"QoGStdTSjan24","Chile 1975","CHL75",3.59
152,"Chile",1978,152,"Chile","CHL",155,"QoGStdTSjan24","Chile 1978","CHL78",3.07
152,"Chile",1979,152,"Chile","CHL",155,"QoGStdTSjan24","Chile 1979","CHL79",3.48
152,"Chile",1980,152,"Chile","CHL",155,"QoGStdTSjan24","Chile 1980","CHL80",4.22
152,"Chile",1981,152,"Chile","CHL",155,"QoGStdTSjan24","Chile 1981","CHL81",4.91
152,"Chile",1987,152,"Chile","CHL",155,"QoGStdTSjan24","Chile 1987","CHL87",2.82
152,"Chile",1990,152,"Chile","CHL",155,"QoGStdTSjan24","Chile 1990","CHL90",2.25
152,"Chile",1993,152,"Chile","CHL",155,"QoGStdTSjan24","Chile 1993","CHL93",2.38
152,"Chile",1994,152,"Chile","CHL",155,"QoGStdTSjan24","Chile 1994","CHL94",2.51
152,"Chile",1995,152,"Chile","CHL",155,"QoGStdTSjan24","Chile 1995","CHL95",2.56
152,"Chile",1996,152,"Chile","CHL",155,"QoGStdTSjan24","Chile 1996","CHL96",2.78
152,"Chile",1997,152,"Chile","CHL",155,"QoGStdTSjan24","Chile 1997","CHL97",2.99
152,"Chile",1998,152,"Chile","CHL",155,"QoGStdTSjan24","Chile 1998","CHL98",3.32
152,"Chile",1999,152,"Chile","CHL",155,"QoGStdTSjan24","Chile 1999","CHL99",3.71
152,"Chile",2000,152,"Chile","CHL",155,"QoGStdTSjan24","Chile 2000","CHL00",3.76
152,"Chile",2002,152,"Chile","CHL",155,"QoGStdTSjan24","Chile 2002","CHL02",4.05
152,"Chile",2003,152,"Chile","CHL",155,"QoGStdTSjan24","Chile 2003","CHL03",3.92
152,"Chile",2004,152,"Chile","CHL",155,"QoGStdTSjan24","Chile 2004","CHL04",3.54
152,"Chile",2005,152,"Chile","CHL",155,"QoGStdTSjan24","Chile 2005","CHL05",3.28
152,"Chile",2006,152,"Chile","CHL",155,"QoGStdTSjan24","Chile 2006","CHL06",3.04
152,"Chile",2007,152,"Chile","CHL",155,"QoGStdTSjan24","Chile 2007","CHL07",3.23
152,"Chile",2008,152,"Chile","CHL",155,"QoGStdTSjan24","Chile 2008","CHL08",3.79
152,"Chile",2009,152,"Chile","CHL",155,"QoGStdTSjan24","Chile 2009","CHL09",4.25
152,"Chile",2010,152,"Chile","CHL",155,"QoGStdTSjan24","Chile 2010","CHL10",4.19
152,"Chile",2011,152,"Chile","CHL",155,"QoGStdTSjan24","Chile 2011","CHL11",4.06
152,"Chile",2012,152,"Chile","CHL",155,"QoGStdTSjan24","Chile 2012","CHL12",4.54
152,"Chile",2013,152,"Chile","CHL",155,"QoGStdTSjan24","Chile 2013","CHL13",4.55
152,"Chile",2014,152,"Chile","CHL",155,"QoGStdTSjan24","Chile 2014","CHL14",4.75
152,"Chile",2015,152,"Chile","CHL",155,"QoGStdTSjan24","Chile 2015","CHL15",4.9
152,"Chile",2016,152,"Chile","CHL",155,"QoGStdTSjan24","Chile 2016","CHL16",5.37
152,"Chile",2017,152,"Chile","CHL",155,"QoGStdTSjan24","Chile 2017","CHL17",5.43
152,"Chile",2018,152,"Chile","CHL",155,"QoGStdTSjan24","Chile 2018","CHL18",5.47
152,"Chile",2019,152,"Chile","CHL",155,"QoGStdTSjan24","Chile 2019","CHL19",5.62
152,"Chile",2020,152,"Chile","CHL",155,"QoGStdTSjan24","Chile 2020","CHL20",5.63
170,"Colombia",1979,170,"Colombia","COL",100,"QoGStdTSjan24","Colombia 1979","COL79",1.75
170,"Colombia",1980,170,"Colombia","COL",100,"QoGStdTSjan24","Colombia 1980","COL80",1.73
170,"Colombia",1981,170,"Colombia","COL",100,"QoGStdTSjan24","Colombia 1981","COL81",2.6
170,"Colombia",1984,170,"Colombia","COL",100,"QoGStdTSjan24","Colombia 1984","COL84",3
170,"Colombia",1985,170,"Colombia","COL",100,"QoGStdTSjan24","Colombia 1985","COL85",2.72
170,"Colombia",1989,170,"Colombia","COL",100,"QoGStdTSjan24","Colombia 1989","COL89",2.71
170,"Colombia",1998,170,"Colombia","COL",100,"QoGStdTSjan24","Colombia 1998","COL98",3.93
170,"Colombia",1999,170,"Colombia","COL",100,"QoGStdTSjan24","Colombia 1999","COL99",4.44
170,"Colombia",2000,170,"Colombia","COL",100,"QoGStdTSjan24","Colombia 2000","COL00",3.51
170,"Colombia",2001,170,"Colombia","COL",100,"QoGStdTSjan24","Colombia 2001","COL01",3.71
170,"Colombia",2002,170,"Colombia","COL",100,"QoGStdTSjan24","Colombia 2002","COL02",4.27
170,"Colombia",2003,170,"Colombia","COL",100,"QoGStdTSjan24","Colombia 2003","COL03",4.33
170,"Colombia",2004,170,"Colombia","COL",100,"QoGStdTSjan24","Colombia 2004","COL04",4.08
170,"Colombia",2005,170,"Colombia","COL",100,"QoGStdTSjan24","Colombia 2005","COL05",4.02
170,"Colombia",2006,170,"Colombia","COL",100,"QoGStdTSjan24","Colombia 2006","COL06",3.92
170,"Colombia",2007,170,"Colombia","COL",100,"QoGStdTSjan24","Colombia 2007","COL07",4.08
170,"Colombia",2008,170,"Colombia","COL",100,"QoGStdTSjan24","Colombia 2008","COL08",3.94
170,"Colombia",2009,170,"Colombia","COL",100,"QoGStdTSjan24","Colombia 2009","COL09",4.78
170,"Colombia",2010,170,"Colombia","COL",100,"QoGStdTSjan24","Colombia 2010","COL10",4.83
170,"Colombia",2011,170,"Colombia","COL",100,"QoGStdTSjan24","Colombia 2011","COL11",4.47
170,"Colombia",2012,170,"Colombia","COL",100,"QoGStdTSjan24","Colombia 2012","COL12",4.37
170,"Colombia",2013,170,"Colombia","COL",100,"QoGStdTSjan24","Colombia 2013","COL13",4.88
170,"Colombia",2014,170,"Colombia","COL",100,"QoGStdTSjan24","Colombia 2014","COL14",4.63
170,"Colombia",2015,170,"Colombia","COL",100,"QoGStdTSjan24","Colombia 2015","COL15",4.47
170,"Colombia",2016,170,"Colombia","COL",100,"QoGStdTSjan24","Colombia 2016","COL16",4.48
170,"Colombia",2017,170,"Colombia","COL",100,"QoGStdTSjan24","Colombia 2017","COL17",4.54
170,"Colombia",2018,170,"Colombia","COL",100,"QoGStdTSjan24","Colombia 2018","COL18",4.45
170,"Colombia",2019,170,"Colombia","COL",100,"QoGStdTSjan24","Colombia 2019","COL19",4.51
170,"Colombia",2020,170,"Colombia","COL",100,"QoGStdTSjan24","Colombia 2020","COL20",5.27
188,"Costa Rica",1980,188,"Costa Rica","CRI",94,"QoGStdTSjan24","Costa Rica 1980","CRI80",7.35
188,"Costa Rica",1982,188,"Costa Rica","CRI",94,"QoGStdTSjan24","Costa Rica 1982","CRI82",4.89
188,"Costa Rica",1983,188,"Costa Rica","CRI",94,"QoGStdTSjan24","Costa Rica 1983","CRI83",4.96
188,"Costa Rica",1986,188,"Costa Rica","CRI",94,"QoGStdTSjan24","Costa Rica 1986","CRI86",4.42
188,"Costa Rica",1988,188,"Costa Rica","CRI",94,"QoGStdTSjan24","Costa Rica 1988","CRI88",4.01
188,"Costa Rica",1989,188,"Costa Rica","CRI",94,"QoGStdTSjan24","Costa Rica 1989","CRI89",4.08
188,"Costa Rica",1995,188,"Costa Rica","CRI",94,"QoGStdTSjan24","Costa Rica 1995","CRI95",3.35
188,"Costa Rica",1996,188,"Costa Rica","CRI",94,"QoGStdTSjan24","Costa Rica 1996","CRI96",3.89
188,"Costa Rica",1999,188,"Costa Rica","CRI",94,"QoGStdTSjan24","Costa Rica 1999","CRI99",5.39
188,"Costa Rica",2000,188,"Costa Rica","CRI",94,"QoGStdTSjan24","Costa Rica 2000","CRI00",4.67
188,"Costa Rica",2001,188,"Costa Rica","CRI",94,"QoGStdTSjan24","Costa Rica 2001","CRI01",4.83
188,"Costa Rica",2002,188,"Costa Rica","CRI",94,"QoGStdTSjan24","Costa Rica 2002","CRI02",5.15
188,"Costa Rica",2003,188,"Costa Rica","CRI",94,"QoGStdTSjan24","Costa Rica 2003","CRI03",5.13
188,"Costa Rica",2004,188,"Costa Rica","CRI",94,"QoGStdTSjan24","Costa Rica 2004","CRI04",4.89
188,"Costa Rica",2006,188,"Costa Rica","CRI",94,"QoGStdTSjan24","Costa Rica 2006","CRI06",4.62
188,"Costa Rica",2007,188,"Costa Rica","CRI",94,"QoGStdTSjan24","Costa Rica 2007","CRI07",4.63
188,"Costa Rica",2008,188,"Costa Rica","CRI",94,"QoGStdTSjan24","Costa Rica 2008","CRI08",4.89
188,"Costa Rica",2009,188,"Costa Rica","CRI",94,"QoGStdTSjan24","Costa Rica 2009","CRI09",6.01
188,"Costa Rica",2010,188,"Costa Rica","CRI",94,"QoGStdTSjan24","Costa Rica 2010","CRI10",6.57
188,"Costa Rica",2011,188,"Costa Rica","CRI",94,"QoGStdTSjan24","Costa Rica 2011","CRI11",6.38
188,"Costa Rica",2012,188,"Costa Rica","CRI",94,"QoGStdTSjan24","Costa Rica 2012","CRI12",6.58
188,"Costa Rica",2013,188,"Costa Rica","CRI",94,"QoGStdTSjan24","Costa Rica 2013","CRI13",6.69
188,"Costa Rica",2014,188,"Costa Rica","CRI",94,"QoGStdTSjan24","Costa Rica 2014","CRI14",6.68
188,"Costa Rica",2015,188,"Costa Rica","CRI",94,"QoGStdTSjan24","Costa Rica 2015","CRI15",6.87
188,"Costa Rica",2016,188,"Costa Rica","CRI",94,"QoGStdTSjan24","Costa Rica 2016","CRI16",6.89
188,"Costa Rica",2017,188,"Costa Rica","CRI",94,"QoGStdTSjan24","Costa Rica 2017","CRI17",7.07
188,"Costa Rica",2018,188,"Costa Rica","CRI",94,"QoGStdTSjan24","Costa Rica 2018","CRI18",6.77
188,"Costa Rica",2019,188,"Costa Rica","CRI",94,"QoGStdTSjan24","Costa Rica 2019","CRI19",6.74
188,"Costa Rica",2020,188,"Costa Rica","CRI",94,"QoGStdTSjan24","Costa Rica 2020","CRI20",6.63
188,"Costa Rica",2021,188,"Costa Rica","CRI",94,"QoGStdTSjan24","Costa Rica 2021","CRI21",6.28
218,"Ecuador",1970,218,"Ecuador","ECU",130,"QoGStdTSjan24","Ecuador 1970","ECU70",2
218,"Ecuador",1971,218,"Ecuador","ECU",130,"QoGStdTSjan24","Ecuador 1971","ECU71",1.88
218,"Ecuador",1977,218,"Ecuador","ECU",130,"QoGStdTSjan24","Ecuador 1977","ECU77",2.42
218,"Ecuador",1984,218,"Ecuador","ECU",130,"QoGStdTSjan24","Ecuador 1984","ECU84",4.2
218,"Ecuador",1985,218,"Ecuador","ECU",130,"QoGStdTSjan24","Ecuador 1985","ECU85",5.23
218,"Ecuador",1986,218,"Ecuador","ECU",130,"QoGStdTSjan24","Ecuador 1986","ECU86",6.87
218,"Ecuador",1995,218,"Ecuador","ECU",130,"QoGStdTSjan24","Ecuador 1995","ECU95",2
218,"Ecuador",1998,218,"Ecuador","ECU",130,"QoGStdTSjan24","Ecuador 1998","ECU98",2.2
218,"Ecuador",1999,218,"Ecuador","ECU",130,"QoGStdTSjan24","Ecuador 1999","ECU99",1.55
218,"Ecuador",2000,218,"Ecuador","ECU",130,"QoGStdTSjan24","Ecuador 2000","ECU00",1.15
218,"Ecuador",2009,218,"Ecuador","ECU",130,"QoGStdTSjan24","Ecuador 2009","ECU09",4.34
218,"Ecuador",2010,218,"Ecuador","ECU",130,"QoGStdTSjan24","Ecuador 2010","ECU10",4.51
218,"Ecuador",2011,218,"Ecuador","ECU",130,"QoGStdTSjan24","Ecuador 2011","ECU11",4.73
218,"Ecuador",2012,218,"Ecuador","ECU",130,"QoGStdTSjan24","Ecuador 2012","ECU12",4.64
218,"Ecuador",2013,218,"Ecuador","ECU",130,"QoGStdTSjan24","Ecuador 2013","ECU13",5
218,"Ecuador",2014,218,"Ecuador","ECU",130,"QoGStdTSjan24","Ecuador 2014","ECU14",5.26
218,"Ecuador",2015,218,"Ecuador","ECU",130,"QoGStdTSjan24","Ecuador 2015","ECU15",5
218,"Ecuador",2016,218,"Ecuador","ECU",130,"QoGStdTSjan24","Ecuador 2016","ECU16",4.36
218,"Ecuador",2017,218,"Ecuador","ECU",130,"QoGStdTSjan24","Ecuador 2017","ECU17",4.61
218,"Ecuador",2018,218,"Ecuador","ECU",130,"QoGStdTSjan24","Ecuador 2018","ECU18",4.62
218,"Ecuador",2019,218,"Ecuador","ECU",130,"QoGStdTSjan24","Ecuador 2019","ECU19",4.23
218,"Ecuador",2020,218,"Ecuador","ECU",130,"QoGStdTSjan24","Ecuador 2020","ECU20",4.11
218,"Ecuador",2021,218,"Ecuador","ECU",130,"QoGStdTSjan24","Ecuador 2021","ECU21",3.69
218,"Ecuador",2022,218,"Ecuador","ECU",130,"QoGStdTSjan24","Ecuador 2022","ECU22",3.65
222,"El Salvador",1975,222,"El Salvador","SLV",92,"QoGStdTSjan24","El Salvador 1975","SLV75",0.9
222,"El Salvador",1998,222,"El Salvador","SLV",92,"QoGStdTSjan24","El Salvador 1998","SLV98",2.55
222,"El Salvador",1999,222,"El Salvador","SLV",92,"QoGStdTSjan24","El Salvador 1999","SLV99",2.56
222,"El Salvador",2000,222,"El Salvador","SLV",92,"QoGStdTSjan24","El Salvador 2000","SLV00",2.84
222,"El Salvador",2002,222,"El Salvador","SLV",92,"QoGStdTSjan24","El Salvador 2002","SLV02",3.24
222,"El Salvador",2003,222,"El Salvador","SLV",92,"QoGStdTSjan24","El Salvador 2003","SLV03",3.13
222,"El Salvador",2005,222,"El Salvador","SLV",92,"QoGStdTSjan24","El Salvador 2005","SLV05",3.18
222,"El Salvador",2006,222,"El Salvador","SLV",92,"QoGStdTSjan24","El Salvador 2006","SLV06",3.49
222,"El Salvador",2007,222,"El Salvador","SLV",92,"QoGStdTSjan24","El Salvador 2007","SLV07",3.61
222,"El Salvador",2008,222,"El Salvador","SLV",92,"QoGStdTSjan24","El Salvador 2008","SLV08",4.46
222,"El Salvador",2009,222,"El Salvador","SLV",92,"QoGStdTSjan24","El Salvador 2009","SLV09",4.66
222,"El Salvador",2010,222,"El Salvador","SLV",92,"QoGStdTSjan24","El Salvador 2010","SLV10",4.05
222,"El Salvador",2011,222,"El Salvador","SLV",92,"QoGStdTSjan24","El Salvador 2011","SLV11",3.9
222,"El Salvador",2012,222,"El Salvador","SLV",92,"QoGStdTSjan24","El Salvador 2012","SLV12",3.71
222,"El Salvador",2013,222,"El Salvador","SLV",92,"QoGStdTSjan24","El Salvador 2013","SLV13",3.8
222,"El Salvador",2014,222,"El Salvador","SLV",92,"QoGStdTSjan24","El Salvador 2014","SLV14",3.82
222,"El Salvador",2015,222,"El Salvador","SLV",92,"QoGStdTSjan24","El Salvador 2015","SLV15",3.91
222,"El Salvador",2016,222,"El Salvador","SLV",92,"QoGStdTSjan24","El Salvador 2016","SLV16",3.83
222,"El Salvador",2017,222,"El Salvador","SLV",92,"QoGStdTSjan24","El Salvador 2017","SLV17",3.73
222,"El Salvador",2018,222,"El Salvador","SLV",92,"QoGStdTSjan24","El Salvador 2018","SLV18",3.61
222,"El Salvador",2019,222,"El Salvador","SLV",92,"QoGStdTSjan24","El Salvador 2019","SLV19",3.39
222,"El Salvador",2020,222,"El Salvador","SLV",92,"QoGStdTSjan24","El Salvador 2020","SLV20",3.66
222,"El Salvador",2021,222,"El Salvador","SLV",92,"QoGStdTSjan24","El Salvador 2021","SLV21",3.53
222,"El Salvador",2022,222,"El Salvador","SLV",92,"QoGStdTSjan24","El Salvador 2022","SLV22",4.53
320,"Guatemala",1970,320,"Guatemala","GTM",90,"QoGStdTSjan24","Guatemala 1970","GTM70",1.86
320,"Guatemala",1971,320,"Guatemala","GTM",90,"QoGStdTSjan24","Guatemala 1971","GTM71",2.03
320,"Guatemala",1976,320,"Guatemala","GTM",90,"QoGStdTSjan24","Guatemala 1976","GTM76",1.63
320,"Guatemala",1993,320,"Guatemala","GTM",90,"QoGStdTSjan24","Guatemala 1993","GTM93",1.67
320,"Guatemala",1994,320,"Guatemala","GTM",90,"QoGStdTSjan24","Guatemala 1994","GTM94",1.44
320,"Guatemala",1995,320,"Guatemala","GTM",90,"QoGStdTSjan24","Guatemala 1995","GTM95",1.6
320,"Guatemala",1996,320,"Guatemala","GTM",90,"QoGStdTSjan24","Guatemala 1996","GTM96",1.56
320,"Guatemala",2006,320,"Guatemala","GTM",90,"QoGStdTSjan24","Guatemala 2006","GTM06",3.03
320,"Guatemala",2007,320,"Guatemala","GTM",90,"QoGStdTSjan24","Guatemala 2007","GTM07",3.09
320,"Guatemala",2008,320,"Guatemala","GTM",90,"QoGStdTSjan24","Guatemala 2008","GTM08",3.24
320,"Guatemala",2010,320,"Guatemala","GTM",90,"QoGStdTSjan24","Guatemala 2010","GTM10",2.85
320,"Guatemala",2011,320,"Guatemala","GTM",90,"QoGStdTSjan24","Guatemala 2011","GTM11",2.97
320,"Guatemala",2012,320,"Guatemala","GTM",90,"QoGStdTSjan24","Guatemala 2012","GTM12",3.01
320,"Guatemala",2013,320,"Guatemala","GTM",90,"QoGStdTSjan24","Guatemala 2013","GTM13",2.89
320,"Guatemala",2014,320,"Guatemala","GTM",90,"QoGStdTSjan24","Guatemala 2014","GTM14",2.99
320,"Guatemala",2015,320,"Guatemala","GTM",90,"QoGStdTSjan24","Guatemala 2015","GTM15",3.03
320,"Guatemala",2016,320,"Guatemala","GTM",90,"QoGStdTSjan24","Guatemala 2016","GTM16",2.94
320,"Guatemala",2017,320,"Guatemala","GTM",90,"QoGStdTSjan24","Guatemala 2017","GTM17",2.95
320,"Guatemala",2018,320,"Guatemala","GTM",90,"QoGStdTSjan24","Guatemala 2018","GTM18",3.13
320,"Guatemala",2019,320,"Guatemala","GTM",90,"QoGStdTSjan24","Guatemala 2019","GTM19",3.19
320,"Guatemala",2020,320,"Guatemala","GTM",90,"QoGStdTSjan24","Guatemala 2020","GTM20",3.3
320,"Guatemala",2021,320,"Guatemala","GTM",90,"QoGStdTSjan24","Guatemala 2021","GTM21",3.11
320,"Guatemala",2022,320,"Guatemala","GTM",90,"QoGStdTSjan24","Guatemala 2022","GTM22",3.23
340,"Honduras",1978,340,"Honduras","HND",91,"QoGStdTSjan24","Honduras 1978","HND78",2.02
340,"Honduras",1979,340,"Honduras","HND",91,"QoGStdTSjan24","Honduras 1979","HND79",2.01
340,"Honduras",1980,340,"Honduras","HND",91,"QoGStdTSjan24","Honduras 1980","HND80",1.94
340,"Honduras",1994,340,"Honduras","HND",91,"QoGStdTSjan24","Honduras 1994","HND94",2.51
340,"Honduras",1995,340,"Honduras","HND",91,"QoGStdTSjan24","Honduras 1995","HND95",2.62
340,"Honduras",2012,340,"Honduras","HND",91,"QoGStdTSjan24","Honduras 2012","HND12",6.3
340,"Honduras",2013,340,"Honduras","HND",91,"QoGStdTSjan24","Honduras 2013","HND13",5.87
340,"Honduras",2014,340,"Honduras","HND",91,"QoGStdTSjan24","Honduras 2014","HND14",7.09
340,"Honduras",2015,340,"Honduras","HND",91,"QoGStdTSjan24","Honduras 2015","HND15",6.41
340,"Honduras",2016,340,"Honduras","HND",91,"QoGStdTSjan24","Honduras 2016","HND16",6.31
340,"Honduras",2017,340,"Honduras","HND",91,"QoGStdTSjan24","Honduras 2017","HND17",6.09
340,"Honduras",2018,340,"Honduras","HND",91,"QoGStdTSjan24","Honduras 2018","HND18",6.06
340,"Honduras",2019,340,"Honduras","HND",91,"QoGStdTSjan24","Honduras 2019","HND19",5.93
340,"Honduras",2020,340,"Honduras","HND",91,"QoGStdTSjan24","Honduras 2020","HND20",5.98
340,"Honduras",2021,340,"Honduras","HND",91,"QoGStdTSjan24","Honduras 2021","HND21",5.81
340,"Honduras",2022,340,"Honduras","HND",91,"QoGStdTSjan24","Honduras 2022","HND22",5.36
484,"Mexico",1989,484,"Mexico","MEX",70,"QoGStdTSjan24","Mexico 1989","MEX89",2.28
484,"Mexico",1990,484,"Mexico","MEX",70,"QoGStdTSjan24","Mexico 1990","MEX90",2.32
484,"Mexico",1991,484,"Mexico","MEX",70,"QoGStdTSjan24","Mexico 1991","MEX91",2.55
484,"Mexico",1992,484,"Mexico","MEX",70,"QoGStdTSjan24","Mexico 1992","MEX92",3.01
484,"Mexico",1994,484,"Mexico","MEX",70,"QoGStdTSjan24","Mexico 1994","MEX94",3.65
484,"Mexico",1995,484,"Mexico","MEX",70,"QoGStdTSjan24","Mexico 1995","MEX95",3.69
484,"Mexico",1998,484,"Mexico","MEX",70,"QoGStdTSjan24","Mexico 1998","MEX98",3.37
484,"Mexico",1999,484,"Mexico","MEX",70,"QoGStdTSjan24","Mexico 1999","MEX99",3.54
484,"Mexico",2000,484,"Mexico","MEX",70,"QoGStdTSjan24","Mexico 2000","MEX00",3.99
484,"Mexico",2001,484,"Mexico","MEX",70,"QoGStdTSjan24","Mexico 2001","MEX01",4.24
484,"Mexico",2002,484,"Mexico","MEX",70,"QoGStdTSjan24","Mexico 2002","MEX02",4.45
484,"Mexico",2003,484,"Mexico","MEX",70,"QoGStdTSjan24","Mexico 2003","MEX03",5.07
484,"Mexico",2004,484,"Mexico","MEX",70,"QoGStdTSjan24","Mexico 2004","MEX04",4.73
484,"Mexico",2005,484,"Mexico","MEX",70,"QoGStdTSjan24","Mexico 2005","MEX05",4.85
484,"Mexico",2006,484,"Mexico","MEX",70,"QoGStdTSjan24","Mexico 2006","MEX06",4.7
484,"Mexico",2007,484,"Mexico","MEX",70,"QoGStdTSjan24","Mexico 2007","MEX07",4.69
484,"Mexico",2008,484,"Mexico","MEX",70,"QoGStdTSjan24","Mexico 2008","MEX08",4.82
484,"Mexico",2009,484,"Mexico","MEX",70,"QoGStdTSjan24","Mexico 2009","MEX09",5.19
484,"Mexico",2010,484,"Mexico","MEX",70,"QoGStdTSjan24","Mexico 2010","MEX10",5.16
484,"Mexico",2011,484,"Mexico","MEX",70,"QoGStdTSjan24","Mexico 2011","MEX11",5.11
484,"Mexico",2012,484,"Mexico","MEX",70,"QoGStdTSjan24","Mexico 2012","MEX12",5.1
484,"Mexico",2013,484,"Mexico","MEX",70,"QoGStdTSjan24","Mexico 2013","MEX13",4.7
484,"Mexico",2014,484,"Mexico","MEX",70,"QoGStdTSjan24","Mexico 2014","MEX14",5.26
484,"Mexico",2015,484,"Mexico","MEX",70,"QoGStdTSjan24","Mexico 2015","MEX15",5.23
484,"Mexico",2016,484,"Mexico","MEX",70,"QoGStdTSjan24","Mexico 2016","MEX16",4.91
484,"Mexico",2017,484,"Mexico","MEX",70,"QoGStdTSjan24","Mexico 2017","MEX17",4.52
484,"Mexico",2018,484,"Mexico","MEX",70,"QoGStdTSjan24","Mexico 2018","MEX18",4.25
484,"Mexico",2020,484,"Mexico","MEX",70,"QoGStdTSjan24","Mexico 2020","MEX20",4.63
558,"Nicaragua",1970,558,"Nicaragua","NIC",93,"QoGStdTSjan24","Nicaragua 1970","NIC70",2.04
558,"Nicaragua",1971,558,"Nicaragua","NIC",93,"QoGStdTSjan24","Nicaragua 1971","NIC71",2.49
558,"Nicaragua",1979,558,"Nicaragua","NIC",93,"QoGStdTSjan24","Nicaragua 1979","NIC79",2.82
558,"Nicaragua",1980,558,"Nicaragua","NIC",93,"QoGStdTSjan24","Nicaragua 1980","NIC80",3.26
558,"Nicaragua",1982,558,"Nicaragua","NIC",93,"QoGStdTSjan24","Nicaragua 1982","NIC82",3.79
558,"Nicaragua",1984,558,"Nicaragua","NIC",93,"QoGStdTSjan24","Nicaragua 1984","NIC84",5.98
558,"Nicaragua",1987,558,"Nicaragua","NIC",93,"QoGStdTSjan24","Nicaragua 1987","NIC87",5.35
558,"Nicaragua",1992,558,"Nicaragua","NIC",93,"QoGStdTSjan24","Nicaragua 1992","NIC92",2.98
558,"Nicaragua",1998,558,"Nicaragua","NIC",93,"QoGStdTSjan24","Nicaragua 1998","NIC98",2.23
558,"Nicaragua",1999,558,"Nicaragua","NIC",93,"QoGStdTSjan24","Nicaragua 1999","NIC99",2.92
558,"Nicaragua",2000,558,"Nicaragua","NIC",93,"QoGStdTSjan24","Nicaragua 2000","NIC00",3
558,"Nicaragua",2002,558,"Nicaragua","NIC",93,"QoGStdTSjan24","Nicaragua 2002","NIC02",2.39
558,"Nicaragua",2003,558,"Nicaragua","NIC",93,"QoGStdTSjan24","Nicaragua 2003","NIC03",2.42
558,"Nicaragua",2010,558,"Nicaragua","NIC",93,"QoGStdTSjan24","Nicaragua 2010","NIC10",4.48
558,"Nicaragua",2014,558,"Nicaragua","NIC",93,"QoGStdTSjan24","Nicaragua 2014","NIC14",4.08
558,"Nicaragua",2015,558,"Nicaragua","NIC",93,"QoGStdTSjan24","Nicaragua 2015","NIC15",4.08
558,"Nicaragua",2016,558,"Nicaragua","NIC",93,"QoGStdTSjan24","Nicaragua 2016","NIC16",4.08
558,"Nicaragua",2017,558,"Nicaragua","NIC",93,"QoGStdTSjan24","Nicaragua 2017","NIC17",4.36
558,"Nicaragua",2018,558,"Nicaragua","NIC",93,"QoGStdTSjan24","Nicaragua 2018","NIC18",4.47
558,"Nicaragua",2019,558,"Nicaragua","NIC",93,"QoGStdTSjan24","Nicaragua 2019","NIC19",4.6
558,"Nicaragua",2020,558,"Nicaragua","NIC",93,"QoGStdTSjan24","Nicaragua 2020","NIC20",4.58
558,"Nicaragua",2021,558,"Nicaragua","NIC",93,"QoGStdTSjan24","Nicaragua 2021","NIC21",4.09
591,"Panama",1970,591,"Panama","PAN",95,"QoGStdTSjan24","Panama 1970","PAN70",4.04
591,"Panama",1971,591,"Panama","PAN",95,"QoGStdTSjan24","Panama 1971","PAN71",3.35
591,"Panama",1972,591,"Panama","PAN",95,"QoGStdTSjan24","Panama 1972","PAN72",3.98
591,"Panama",1973,591,"Panama","PAN",95,"QoGStdTSjan24","Panama 1973","PAN73",3.49
591,"Panama",1974,591,"Panama","PAN",95,"QoGStdTSjan24","Panama 1974","PAN74",3.82
591,"Panama",1975,591,"Panama","PAN",95,"QoGStdTSjan24","Panama 1975","PAN75",4.15
591,"Panama",1976,591,"Panama","PAN",95,"QoGStdTSjan24","Panama 1976","PAN76",4.31
591,"Panama",1977,591,"Panama","PAN",95,"QoGStdTSjan24","Panama 1977","PAN77",4.28
591,"Panama",1978,591,"Panama","PAN",95,"QoGStdTSjan24","Panama 1978","PAN78",3.61
591,"Panama",1979,591,"Panama","PAN",95,"QoGStdTSjan24","Panama 1979","PAN79",3.64
591,"Panama",1980,591,"Panama","PAN",95,"QoGStdTSjan24","Panama 1980","PAN80",3.54
591,"Panama",1981,591,"Panama","PAN",95,"QoGStdTSjan24","Panama 1981","PAN81",3.43
591,"Panama",1982,591,"Panama","PAN",95,"QoGStdTSjan24","Panama 1982","PAN82",3.42
591,"Panama",1983,591,"Panama","PAN",95,"QoGStdTSjan24","Panama 1983","PAN83",3.55
591,"Panama",1984,591,"Panama","PAN",95,"QoGStdTSjan24","Panama 1984","PAN84",3.47
591,"Panama",1985,591,"Panama","PAN",95,"QoGStdTSjan24","Panama 1985","PAN85",3.52
591,"Panama",1986,591,"Panama","PAN",95,"QoGStdTSjan24","Panama 1986","PAN86",3.35
591,"Panama",1987,591,"Panama","PAN",95,"QoGStdTSjan24","Panama 1987","PAN87",3.87
591,"Panama",1994,591,"Panama","PAN",95,"QoGStdTSjan24","Panama 1994","PAN94",3.47
591,"Panama",1995,591,"Panama","PAN",95,"QoGStdTSjan24","Panama 1995","PAN95",3.95
591,"Panama",1996,591,"Panama","PAN",95,"QoGStdTSjan24","Panama 1996","PAN96",4.09
591,"Panama",1997,591,"Panama","PAN",95,"QoGStdTSjan24","Panama 1997","PAN97",3.85
591,"Panama",1999,591,"Panama","PAN",95,"QoGStdTSjan24","Panama 1999","PAN99",4.57
591,"Panama",2000,591,"Panama","PAN",95,"QoGStdTSjan24","Panama 2000","PAN00",4.76
591,"Panama",2001,591,"Panama","PAN",95,"QoGStdTSjan24","Panama 2001","PAN01",4.11
591,"Panama",2002,591,"Panama","PAN",95,"QoGStdTSjan24","Panama 2002","PAN02",4.19
591,"Panama",2003,591,"Panama","PAN",95,"QoGStdTSjan24","Panama 2003","PAN03",4.17
591,"Panama",2004,591,"Panama","PAN",95,"QoGStdTSjan24","Panama 2004","PAN04",3.58
591,"Panama",2008,591,"Panama","PAN",95,"QoGStdTSjan24","Panama 2008","PAN08",3.5
591,"Panama",2011,591,"Panama","PAN",95,"QoGStdTSjan24","Panama 2011","PAN11",3.16
591,"Panama",2014,591,"Panama","PAN",95,"QoGStdTSjan24","Panama 2014","PAN14",2.82
591,"Panama",2015,591,"Panama","PAN",95,"QoGStdTSjan24","Panama 2015","PAN15",3.03
591,"Panama",2016,591,"Panama","PAN",95,"QoGStdTSjan24","Panama 2016","PAN16",3.08
591,"Panama",2017,591,"Panama","PAN",95,"QoGStdTSjan24","Panama 2017","PAN17",2.98
591,"Panama",2018,591,"Panama","PAN",95,"QoGStdTSjan24","Panama 2018","PAN18",2.91
591,"Panama",2019,591,"Panama","PAN",95,"QoGStdTSjan24","Panama 2019","PAN19",3.09
591,"Panama",2020,591,"Panama","PAN",95,"QoGStdTSjan24","Panama 2020","PAN20",3.62
591,"Panama",2021,591,"Panama","PAN",95,"QoGStdTSjan24","Panama 2021","PAN21",3.27
591,"Panama",2022,591,"Panama","PAN",95,"QoGStdTSjan24","Panama 2022","PAN22",3.89
600,"Paraguay",1970,600,"Paraguay","PRY",150,"QoGStdTSjan24","Paraguay 1970","PRY70",2.11
600,"Paraguay",1971,600,"Paraguay","PRY",150,"QoGStdTSjan24","Paraguay 1971","PRY71",2.27
600,"Paraguay",1985,600,"Paraguay","PRY",150,"QoGStdTSjan24","Paraguay 1985","PRY85",1.4
600,"Paraguay",1990,600,"Paraguay","PRY",150,"QoGStdTSjan24","Paraguay 1990","PRY90",1.04
600,"Paraguay",1998,600,"Paraguay","PRY",150,"QoGStdTSjan24","Paraguay 1998","PRY98",4.2
600,"Paraguay",1999,600,"Paraguay","PRY",150,"QoGStdTSjan24","Paraguay 1999","PRY99",4.23
600,"Paraguay",2000,600,"Paraguay","PRY",150,"QoGStdTSjan24","Paraguay 2000","PRY00",4.23
600,"Paraguay",2001,600,"Paraguay","PRY",150,"QoGStdTSjan24","Paraguay 2001","PRY01",3.83
600,"Paraguay",2002,600,"Paraguay","PRY",150,"QoGStdTSjan24","Paraguay 2002","PRY02",3.41
600,"Paraguay",2003,600,"Paraguay","PRY",150,"QoGStdTSjan24","Paraguay 2003","PRY03",3.38
600,"Paraguay",2004,600,"Paraguay","PRY",150,"QoGStdTSjan24","Paraguay 2004","PRY04",2.87
600,"Paraguay",2007,600,"Paraguay","PRY",150,"QoGStdTSjan24","Paraguay 2007","PRY07",2.74
600,"Paraguay",2010,600,"Paraguay","PRY",150,"QoGStdTSjan24","Paraguay 2010","PRY10",2.77
600,"Paraguay",2011,600,"Paraguay","PRY",150,"QoGStdTSjan24","Paraguay 2011","PRY11",3.69
600,"Paraguay",2012,600,"Paraguay","PRY",150,"QoGStdTSjan24","Paraguay 2012","PRY12",3.67
600,"Paraguay",2013,600,"Paraguay","PRY",150,"QoGStdTSjan24","Paraguay 2013","PRY13",2.68
600,"Paraguay",2014,600,"Paraguay","PRY",150,"QoGStdTSjan24","Paraguay 2014","PRY14",2.6
600,"Paraguay",2015,600,"Paraguay","PRY",150,"QoGStdTSjan24","Paraguay 2015","PRY15",3.33
600,"Paraguay",2016,600,"Paraguay","PRY",150,"QoGStdTSjan24","Paraguay 2016","PRY16",3.43
600,"Paraguay",2017,600,"Paraguay","PRY",150,"QoGStdTSjan24","Paraguay 2017","PRY17",3.09
600,"Paraguay",2018,600,"Paraguay","PRY",150,"QoGStdTSjan24","Paraguay 2018","PRY18",3.3
600,"Paraguay",2019,600,"Paraguay","PRY",150,"QoGStdTSjan24","Paraguay 2019","PRY19",3.49
600,"Paraguay",2020,600,"Paraguay","PRY",150,"QoGStdTSjan24","Paraguay 2020","PRY20",3.94
600,"Paraguay",2021,600,"Paraguay","PRY",150,"QoGStdTSjan24","Paraguay 2021","PRY21",3.41
600,"Paraguay",2022,600,"Paraguay","PRY",150,"QoGStdTSjan24","Paraguay 2022","PRY22",3.64
604,"Peru",1973,604,"Peru","PER",135,"QoGStdTSjan24","Peru 1973","PER73",3.39
604,"Peru",1996,604,"Peru","PER",135,"QoGStdTSjan24","Peru 1996","PER96",3.12
604,"Peru",1998,604,"Peru","PER",135,"QoGStdTSjan24","Peru 1998","PER98",3.28
604,"Peru",1999,604,"Peru","PER",135,"QoGStdTSjan24","Peru 1999","PER99",3.44
604,"Peru",2000,604,"Peru","PER",135,"QoGStdTSjan24","Peru 2000","PER00",3.23
604,"Peru",2001,604,"Peru","PER",135,"QoGStdTSjan24","Peru 2001","PER01",3.04
604,"Peru",2002,604,"Peru","PER",135,"QoGStdTSjan24","Peru 2002","PER02",2.82
604,"Peru",2003,604,"Peru","PER",135,"QoGStdTSjan24","Peru 2003","PER03",2.94
604,"Peru",2004,604,"Peru","PER",135,"QoGStdTSjan24","Peru 2004","PER04",2.96
604,"Peru",2005,604,"Peru","PER",135,"QoGStdTSjan24","Peru 2005","PER05",2.84
604,"Peru",2006,604,"Peru","PER",135,"QoGStdTSjan24","Peru 2006","PER06",2.65
604,"Peru",2007,604,"Peru","PER",135,"QoGStdTSjan24","Peru 2007","PER07",2.63
604,"Peru",2008,604,"Peru","PER",135,"QoGStdTSjan24","Peru 2008","PER08",2.87
604,"Peru",2009,604,"Peru","PER",135,"QoGStdTSjan24","Peru 2009","PER09",3.14
604,"Peru",2010,604,"Peru","PER",135,"QoGStdTSjan24","Peru 2010","PER10",2.87
604,"Peru",2011,604,"Peru","PER",135,"QoGStdTSjan24","Peru 2011","PER11",2.66
604,"Peru",2012,604,"Peru","PER",135,"QoGStdTSjan24","Peru 2012","PER12",2.92
604,"Peru",2013,604,"Peru","PER",135,"QoGStdTSjan24","Peru 2013","PER13",3.3
604,"Peru",2014,604,"Peru","PER",135,"QoGStdTSjan24","Peru 2014","PER14",3.7
604,"Peru",2015,604,"Peru","PER",135,"QoGStdTSjan24","Peru 2015","PER15",3.97
604,"Peru",2016,604,"Peru","PER",135,"QoGStdTSjan24","Peru 2016","PER16",3.81
604,"Peru",2017,604,"Peru","PER",135,"QoGStdTSjan24","Peru 2017","PER17",3.93
604,"Peru",2018,604,"Peru","PER",135,"QoGStdTSjan24","Peru 2018","PER18",3.71
604,"Peru",2019,604,"Peru","PER",135,"QoGStdTSjan24","Peru 2019","PER19",3.82
604,"Peru",2020,604,"Peru","PER",135,"QoGStdTSjan24","Peru 2020","PER20",4.25
604,"Peru",2021,604,"Peru","PER",135,"QoGStdTSjan24","Peru 2021","PER21",3.97
604,"Peru",2022,604,"Peru","PER",135,"QoGStdTSjan24","Peru 2022","PER22",3.89
858,"Uruguay",1979,858,"Uruguay","URY",165,"QoGStdTSjan24","Uruguay 1979","URY79",1.99
858,"Uruguay",1980,858,"Uruguay","URY",165,"QoGStdTSjan24","Uruguay 1980","URY80",2.16
858,"Uruguay",1984,858,"Uruguay","URY",165,"QoGStdTSjan24","Uruguay 1984","URY84",2.37
858,"Uruguay",1985,858,"Uruguay","URY",165,"QoGStdTSjan24","Uruguay 1985","URY85",2.57
858,"Uruguay",1986,858,"Uruguay","URY",165,"QoGStdTSjan24","Uruguay 1986","URY86",3.1
858,"Uruguay",1991,858,"Uruguay","URY",165,"QoGStdTSjan24","Uruguay 1991","URY91",2.48
858,"Uruguay",1992,858,"Uruguay","URY",165,"QoGStdTSjan24","Uruguay 1992","URY92",2.41
858,"Uruguay",1994,858,"Uruguay","URY",165,"QoGStdTSjan24","Uruguay 1994","URY94",2.27
858,"Uruguay",1995,858,"Uruguay","URY",165,"QoGStdTSjan24","Uruguay 1995","URY95",2.52
858,"Uruguay",1996,858,"Uruguay","URY",165,"QoGStdTSjan24","Uruguay 1996","URY96",2.87
858,"Uruguay",1998,858,"Uruguay","URY",165,"QoGStdTSjan24","Uruguay 1998","URY98",2.24
858,"Uruguay",2000,858,"Uruguay","URY",165,"QoGStdTSjan24","Uruguay 2000","URY00",2.42
858,"Uruguay",2001,858,"Uruguay","URY",165,"QoGStdTSjan24","Uruguay 2001","URY01",2.8
858,"Uruguay",2002,858,"Uruguay","URY",165,"QoGStdTSjan24","Uruguay 2002","URY02",2.32
858,"Uruguay",2003,858,"Uruguay","URY",165,"QoGStdTSjan24","Uruguay 2003","URY03",2.07
858,"Uruguay",2004,858,"Uruguay","URY",165,"QoGStdTSjan24","Uruguay 2004","URY04",2.5
858,"Uruguay",2005,858,"Uruguay","URY",165,"QoGStdTSjan24","Uruguay 2005","URY05",2.71
858,"Uruguay",2006,858,"Uruguay","URY",165,"QoGStdTSjan24","Uruguay 2006","URY06",2.86
858,"Uruguay",2011,858,"Uruguay","URY",165,"QoGStdTSjan24","Uruguay 2011","URY11",4.15
858,"Uruguay",2012,858,"Uruguay","URY",165,"QoGStdTSjan24","Uruguay 2012","URY12",4.09
858,"Uruguay",2013,858,"Uruguay","URY",165,"QoGStdTSjan24","Uruguay 2013","URY13",4.24
858,"Uruguay",2014,858,"Uruguay","URY",165,"QoGStdTSjan24","Uruguay 2014","URY14",4.27
858,"Uruguay",2015,858,"Uruguay","URY",165,"QoGStdTSjan24","Uruguay 2015","URY15",4.21
858,"Uruguay",2016,858,"Uruguay","URY",165,"QoGStdTSjan24","Uruguay 2016","URY16",4.36
858,"Uruguay",2017,858,"Uruguay","URY",165,"QoGStdTSjan24","Uruguay 2017","URY17",4.42
858,"Uruguay",2018,858,"Uruguay","URY",165,"QoGStdTSjan24","Uruguay 2018","URY18",4.61
858,"Uruguay",2019,858,"Uruguay","URY",165,"QoGStdTSjan24","Uruguay 2019","URY19",4.64
858,"Uruguay",2020,858,"Uruguay","URY",165,"QoGStdTSjan24","Uruguay 2020","URY20",4.54
858,"Uruguay",2021,858,"Uruguay","URY",165,"QoGStdTSjan24","Uruguay 2021","URY21",4.41
858,"Uruguay",2022,858,"Uruguay","URY",165,"QoGStdTSjan24","Uruguay 2022","URY22",4.37
